Journal name,JCR Abbreviation,Publisher,ISSN,eISSN,Category,Edition,Total Citations,2023 JIF,JIF Quartile,2023 JCI,% of OA Gold
NATURE REVIEWS MOLECULAR CELL BIOLOGY,NAT REV MOL CELL BIO,NATURE PORTFOLIO,1471-0072,1471-0080,CELL BIOLOGY,SCIE,65632,81.3,Q1,8.76,1.37%
Nature Reviews Materials,NAT REV MATER,NATURE PORTFOLIO,2058-8437,2058-8437,"MATERIALS SCIENCE, MULTIDISCIPLINARY",SCIE,35616,79.8,Q1,4.35,1.99%
NATURE MEDICINE,NAT MED,NATURE PORTFOLIO,1078-8956,1546-170X,BIOCHEMISTRY & MOLECULAR BIOLOGY,SCIE,129261,58.7,Q1,13.63,47.38%
NATURE MEDICINE,NAT MED,NATURE PORTFOLIO,1078-8956,1546-170X,CELL BIOLOGY,SCIE,129261,58.7,Q1,13.63,47.38%
NATURE,NATURE,NATURE PORTFOLIO,0028-0836,1476-4687,MULTIDISCIPLINARY SCIENCES,SCIE,912552,50.5,Q1,11.28,34.42%
Nature Reviews Methods Primers,NAT REV METHOD PRIME,SPRINGERNATURE,N/A,2662-8449,MULTIDISCIPLINARY SCIENCES,ESCI,4515,50.1,Q1,8.14,5.97%
Nature Energy,NAT ENERGY,NATURE PORTFOLIO,2058-7546,2058-7546,"MATERIALS SCIENCE, MULTIDISCIPLINARY",SCIE,46820,49.7,Q1,7.92,14.62%
Nature Reviews Earth & Environment,NAT REV EARTH ENV,SPRINGERNATURE,N/A,2662-138X,ENVIRONMENTAL SCIENCES,SCIE,8321,49.7,Q1,5.01,0.64%
CANCER CELL,CANCER CELL,CELL PRESS,1535-6108,1878-3686,CELL BIOLOGY,SCIE,52068,48.8,Q1,7.56,78.65%
REVIEWS OF MODERN PHYSICS,REV MOD PHYS,AMER PHYSICAL SOC,0034-6861,1539-0756,"PHYSICS, MULTIDISCIPLINARY",SCIE,57818,45.9,Q1,4.04,10.89%
CELL,CELL,CELL PRESS,0092-8674,1097-4172,BIOCHEMISTRY & MOLECULAR BIOLOGY,SCIE,305198,45.5,Q1,10.01,83.50%
CELL,CELL,CELL PRESS,0092-8674,1097-4172,CELL BIOLOGY,SCIE,305198,45.5,Q1,10.01,83.50%
Nature Reviews Physics,NAT REV PHYS,NATURE PORTFOLIO,N/A,2522-5820,"PHYSICS, MULTIDISCIPLINARY",SCIE,8134,44.8,Q1,2.75,3.52%
SCIENCE,SCIENCE,AMER ASSOC ADVANCEMENT SCIENCE,0036-8075,1095-9203,MULTIDISCIPLINARY SCIENCES,SCIE,763009,44.7,Q1,9.91,4.53%
eScience,ESCIENCE,KEAI PUBLISHING LTD,N/A,2667-1417,"MATERIALS SCIENCE, MULTIDISCIPLINARY",ESCI,3827,42.9,Q1,6.67,97.08%
Signal Transduction and Targeted Therapy,SIGNAL TRANSDUCT TAR,SPRINGERNATURE,2095-9907,2059-3635,BIOCHEMISTRY & MOLECULAR BIOLOGY,SCIE,29874,40.8,Q1,4.42,99.57%
Signal Transduction and Targeted Therapy,SIGNAL TRANSDUCT TAR,SPRINGERNATURE,2095-9907,2059-3635,CELL BIOLOGY,SCIE,29874,40.8,Q1,4.42,99.57%
Joule,JOULE,CELL PRESS,2542-4351,2542-4351,"MATERIALS SCIENCE, MULTIDISCIPLINARY",SCIE,38070,38.6,Q1,4.41,74.39%
Nature Nanotechnology,NAT NANOTECHNOL,NATURE PORTFOLIO,1748-3387,1748-3395,"MATERIALS SCIENCE, MULTIDISCIPLINARY",SCIE,76128,38.1,Q1,5.15,11.20%
NATURE MATERIALS,NAT MATER,NATURE PORTFOLIO,1476-1122,1476-4660,"MATERIALS SCIENCE, MULTIDISCIPLINARY",SCIE,108002,37.2,Q1,6.43,10.78%
PROGRESS IN MATERIALS SCIENCE,PROG MATER SCI,PERGAMON-ELSEVIER SCIENCE LTD,0079-6425,1873-2208,"MATERIALS SCIENCE, MULTIDISCIPLINARY",SCIE,29821,33.6,Q1,2.39,21.33%
Innovation,INNOVATION-AMSTERDAM,CELL PRESS,2666-6758,2666-6758,MULTIDISCIPLINARY SCIENCES,ESCI,5342,33.2,Q1,4.53,88.72%
Energy & Environmental Science,ENERG ENVIRON SCI,ROYAL SOC CHEMISTRY,1754-5692,1754-5706,ENVIRONMENTAL SCIENCES,SCIE,110768,32.4,Q1,4.39,20.18%
Nano-Micro Letters,NANO-MICRO LETT,SHANGHAI JIAO TONG UNIV PRESS,2311-6706,2150-5551,"MATERIALS SCIENCE, MULTIDISCIPLINARY",SCIE,24745,31.6,Q1,4.58,99.85%
MATERIALS SCIENCE & ENGINEERING R-REPORTS,MAT SCI ENG R,ELSEVIER SCIENCE SA,0927-796X,1879-212X,"MATERIALS SCIENCE, MULTIDISCIPLINARY",SCIE,9807,31.6,Q1,2.03,29.87%
Nature Climate Change,NAT CLIM CHANGE,NATURE PORTFOLIO,1758-678X,1758-6798,ENVIRONMENTAL SCIENCES,SCIE,46843,29.6,Q1,5.51,23.41%
Nature Climate Change,NAT CLIM CHANGE,NATURE PORTFOLIO,1758-678X,1758-6798,ENVIRONMENTAL STUDIES,SSCI,46843,29.6,Q1,5.51,23.41%
Advanced Powder Materials,ADV POWDER MATER,KEAI PUBLISHING LTD,N/A,2772-834X,"MATERIALS SCIENCE, MULTIDISCIPLINARY",ESCI,1723,28.6,Q1,8.38,97.56%
CELL RESEARCH,CELL RES,SPRINGERNATURE,1001-0602,1748-7838,CELL BIOLOGY,SCIE,27759,28.1,Q1,3.64,62.42%
Cell Metabolism,CELL METAB,CELL PRESS,1550-4131,1932-7420,CELL BIOLOGY,SCIE,58139,27.7,Q1,5.43,81.03%
Molecular Cancer,MOL CANCER,BMC,N/A,1476-4598,BIOCHEMISTRY & MOLECULAR BIOLOGY,SCIE,36560,27.7,Q1,5.26,100.00%
ADVANCED MATERIALS,ADV MATER,WILEY-V C H VERLAG GMBH,0935-9648,1521-4095,"MATERIALS SCIENCE, MULTIDISCIPLINARY",SCIE,392263,27.4,Q1,4.09,18.14%
Nature Sustainability,NAT SUSTAIN,NATURE PORTFOLIO,2398-9629,2398-9629,ENVIRONMENTAL SCIENCES,SCIE,18380,25.7,Q1,4.51,19.28%
Nature Sustainability,NAT SUSTAIN,NATURE PORTFOLIO,2398-9629,2398-9629,ENVIRONMENTAL STUDIES,SSCI,18380,25.7,Q1,4.51,19.28%
Interdisciplinary Materials,INTERD MATER,WILEY,2767-4401,2767-441X,"MATERIALS SCIENCE, MULTIDISCIPLINARY",ESCI,875,24.5,Q1,2.93,95.45%
Advanced Energy Materials,ADV ENERGY MATER,WILEY-V C H VERLAG GMBH,1614-6832,1614-6840,"MATERIALS SCIENCE, MULTIDISCIPLINARY",SCIE,131887,24.4,Q1,3.6,18.53%
Lancet Planetary Health,LANCET PLANET HEALTH,ELSEVIER SCI LTD,N/A,2542-5196,ENVIRONMENTAL SCIENCES,SCIE,8325,24.1,Q1,4.56,77.43%
PHYSICS REPORTS-REVIEW SECTION OF PHYSICS LETTERS,PHYS REP,ELSEVIER,0370-1573,1873-6270,"PHYSICS, MULTIDISCIPLINARY",SCIE,33664,23.9,Q1,2.85,42.68%
InfoMat,INFOMAT,WILEY,N/A,2567-3165,"MATERIALS SCIENCE, MULTIDISCIPLINARY",SCIE,6530,22.7,Q1,2.48,88.84%
EnergyChem,ENERGYCHEM,ELSEVIER,2589-7780,2589-7780,"MATERIALS SCIENCE, MULTIDISCIPLINARY",ESCI,2235,22.2,Q1,2.81,6.35%
Nature Human Behaviour,NAT HUM BEHAV,NATURE PORTFOLIO,2397-3374,2397-3374,MULTIDISCIPLINARY SCIENCES,SCIE,14996,21.4,Q1,6.21,22.10%
Annual Review of Plant Biology,ANNU REV PLANT BIOL,ANNUAL REVIEWS,1543-5008,1545-2123,PLANT SCIENCES,SCIE,23058,21.3,Q1,2.64,37.93%
Materials Today,MATER TODAY,ELSEVIER SCI LTD,1369-7021,1873-4103,"MATERIALS SCIENCE, MULTIDISCIPLINARY",SCIE,27880,21.1,Q1,3.4,24.16%
Cell Stem Cell,CELL STEM CELL,CELL PRESS,1934-5909,1875-9777,CELL BIOLOGY,SCIE,30699,19.8,Q1,4.35,82.67%
Carbon Energy,CARBON ENERGY,WILEY,N/A,2637-9368,"MATERIALS SCIENCE, MULTIDISCIPLINARY",SCIE,5024,19.5,Q1,2.29,90.81%
ACS Energy Letters,ACS ENERGY LETT,AMER CHEMICAL SOC,2380-8195,2380-8195,"MATERIALS SCIENCE, MULTIDISCIPLINARY",SCIE,55559,19.3,Q1,2.82,11.57%
REPORTS ON PROGRESS IN PHYSICS,REP PROG PHYS,IOP Publishing Ltd,0034-4885,1361-6633,"PHYSICS, MULTIDISCIPLINARY",SCIE,20914,19,Q1,1.71,4.88%
Energy Storage Materials,ENERGY STORAGE MATER,ELSEVIER,2405-8297,2405-8289,"MATERIALS SCIENCE, MULTIDISCIPLINARY",SCIE,47960,18.9,Q1,2.97,10.80%
Science Bulletin,SCI BULL,ELSEVIER,2095-9273,2095-9281,MULTIDISCIPLINARY SCIENCES,SCIE,18154,18.8,Q1,3.37,22.64%
SusMat,SUSMAT,WILEY,2766-8479,2692-4552,"MATERIALS SCIENCE, MULTIDISCIPLINARY",SCIE,1635,18.7,Q1,2.44,88.41%
ADVANCED FUNCTIONAL MATERIALS,ADV FUNCT MATER,WILEY-V C H VERLAG GMBH,1616-301X,1616-3028,"MATERIALS SCIENCE, MULTIDISCIPLINARY",SCIE,250260,18.5,Q1,2.74,13.91%
Nature Physics,NAT PHYS,NATURE PORTFOLIO,1745-2473,1745-2481,"PHYSICS, MULTIDISCIPLINARY",SCIE,48457,17.6,Q1,4.78,19.83%
NATURE CELL BIOLOGY,NAT CELL BIOL,NATURE PORTFOLIO,1465-7392,1476-4679,CELL BIOLOGY,SCIE,47382,17.3,Q1,2.93,30.48%
Matter,MATTER-US,CELL PRESS,2590-2393,2590-2385,"MATERIALS SCIENCE, MULTIDISCIPLINARY",SCIE,14249,17.3,Q1,2.46,65.71%
TRENDS IN PLANT SCIENCE,TRENDS PLANT SCI,CELL PRESS,1360-1385,1878-4372,PLANT SCIENCES,SCIE,30859,17.3,Q1,1.9,36.14%
Advanced Fiber Materials,ADV FIBER MATER,SPRINGERNATURE,2524-7921,2524-793X,"MATERIALS SCIENCE, MULTIDISCIPLINARY",SCIE,4009,17.2,Q1,3.35,6.18%
Molecular Plant,MOL PLANT,CELL PRESS,1674-2052,1752-9867,BIOCHEMISTRY & MOLECULAR BIOLOGY,SCIE,23905,17.1,Q1,4.88,85.32%
Molecular Plant,MOL PLANT,CELL PRESS,1674-2052,1752-9867,PLANT SCIENCES,SCIE,23905,17.1,Q1,4.88,85.32%
Nature Aging,NATURE AGING,SPRINGERNATURE,N/A,2662-8465,CELL BIOLOGY,SCIE,3203,17,Q1,3.44,30.15%
Nano Energy,NANO ENERGY,ELSEVIER,2211-2855,2211-3282,"MATERIALS SCIENCE, MULTIDISCIPLINARY",SCIE,113862,16.8,Q1,2.74,9.78%
INTERNATIONAL MATERIALS REVIEWS,INT MATER REV,SAGE PUBLICATIONS INC,0950-6608,1743-2804,"MATERIALS SCIENCE, MULTIDISCIPLINARY",SCIE,8115,16.8,Q1,0.88,29.31%
TRENDS IN COGNITIVE SCIENCES,TRENDS COGN SCI,CELL PRESS,1364-6613,1879-307X,BEHAVIORAL SCIENCES,SCIE,32732,16.7,Q1,2.06,43.06%
TRENDS IN ECOLOGY & EVOLUTION,TRENDS ECOL EVOL,CELL PRESS,0169-5347,1872-8383,ECOLOGY,SCIE,39040,16.7,Q1,1.99,47.04%
TRENDS IN ECOLOGY & EVOLUTION,TRENDS ECOL EVOL,CELL PRESS,0169-5347,1872-8383,EVOLUTIONARY BIOLOGY,SCIE,39040,16.7,Q1,1.99,47.04%
BEHAVIORAL AND BRAIN SCIENCES,BEHAV BRAIN SCI,CAMBRIDGE UNIV PRESS,0140-525X,1469-1825,BEHAVIORAL SCIENCES,SCIE,11517,16.6,Q1,5.44,0.00%
NUCLEIC ACIDS RESEARCH,NUCLEIC ACIDS RES,OXFORD UNIV PRESS,0305-1048,1362-4962,BIOCHEMISTRY & MOLECULAR BIOLOGY,SCIE,271360,16.6,Q1,2.9,93.75%
National Science Review,NATL SCI REV,OXFORD UNIV PRESS,2095-5138,2053-714X,MULTIDISCIPLINARY SCIENCES,SCIE,15536,16.3,Q1,3.27,93.89%
International Journal of Extreme Manufacturing,INT J EXTREME MANUF,IOP Publishing Ltd,2631-8644,2631-7990,"MATERIALS SCIENCE, MULTIDISCIPLINARY",SCIE,2125,16.1,Q1,1.82,100.00%
Nature Plants,NAT PLANTS,NATURE PORTFOLIO,2055-026X,2055-0278,PLANT SCIENCES,SCIE,16103,15.8,Q1,4.44,18.73%
Science Translational Medicine,SCI TRANSL MED,AMER ASSOC ADVANCEMENT SCIENCE,1946-6234,1946-6242,CELL BIOLOGY,SCIE,50866,15.8,Q1,3.51,7.22%
ACS Nano,ACS NANO,AMER CHEMICAL SOC,1936-0851,1936-086X,"MATERIALS SCIENCE, MULTIDISCIPLINARY",SCIE,227757,15.8,Q1,2.42,10.55%
Journal of Extracellular Vesicles,J EXTRACELL VESICLES,WILEY,N/A,2001-3078,CELL BIOLOGY,SCIE,13295,15.5,Q1,2.23,71.14%
Annual Review of Environment and Resources,ANNU REV ENV RESOUR,ANNUAL REVIEWS,1543-5938,1545-2050,ENVIRONMENTAL SCIENCES,SCIE,7103,15.5,Q1,1.54,90.59%
Annual Review of Environment and Resources,ANNU REV ENV RESOUR,ANNUAL REVIEWS,1543-5938,1545-2050,ENVIRONMENTAL STUDIES,SSCI,7103,15.5,Q1,1.54,90.59%
SmartMat,SMARTMAT,WILEY,2766-8525,2688-819X,"MATERIALS SCIENCE, MULTIDISCIPLINARY",ESCI,1954,15.3,Q1,2.16,87.13%
One Earth,ONE EARTH,CELL PRESS,2590-3330,2590-3322,ENVIRONMENTAL SCIENCES,SCIE,5889,15.1,Q1,1.92,82.43%
One Earth,ONE EARTH,CELL PRESS,2590-3330,2590-3322,ENVIRONMENTAL STUDIES,SSCI,5889,15.1,Q1,1.92,82.43%
Environmental Chemistry Letters,ENVIRON CHEM LETT,SPRINGER HEIDELBERG,1610-3653,1610-3661,ENVIRONMENTAL SCIENCES,SCIE,16524,15,Q1,1.18,17.75%
Nature Communications,NAT COMMUN,NATURE PORTFOLIO,N/A,2041-1723,MULTIDISCIPLINARY SCIENCES,SCIE,738284,14.7,Q1,3.28,99.70%
Autophagy,AUTOPHAGY,TAYLOR & FRANCIS INC,1554-8627,1554-8635,CELL BIOLOGY,SCIE,29553,14.6,Q1,1.53,39.73%
Molecular Cell,MOL CELL,CELL PRESS,1097-2765,1097-4164,BIOCHEMISTRY & MOLECULAR BIOLOGY,SCIE,80732,14.5,Q1,2.66,83.13%
Molecular Cell,MOL CELL,CELL PRESS,1097-2765,1097-4164,CELL BIOLOGY,SCIE,80732,14.5,Q1,2.66,83.13%
Annual Review of Marine Science,ANNU REV MAR SCI,ANNUAL REVIEWS,1941-1405,1941-0611,MARINE & FRESHWATER BIOLOGY,SCIE,6230,14.3,Q1,2.5,44.26%
Annual Review of Marine Science,ANNU REV MAR SCI,ANNUAL REVIEWS,1941-1405,1941-0611,OCEANOGRAPHY,SCIE,6230,14.3,Q1,2.5,44.26%
Advanced Science,ADV SCI,WILEY,N/A,2198-3844,"MATERIALS SCIENCE, MULTIDISCIPLINARY",SCIE,79296,14.3,Q1,2.07,75.32%
Accounts of Materials Research,ACCOUNTS MATER RES,AMER CHEMICAL SOC,N/A,2643-6728,"MATERIALS SCIENCE, MULTIDISCIPLINARY",ESCI,3420,14,Q1,2.48,5.23%
Environmental Science and Ecotechnology,ENVIRON SCI ECOTECH,ELSEVIER,2666-4984,2666-4984,ENVIRONMENTAL SCIENCES,SCIE,1837,14,Q1,2.09,98.16%
PROGRESS IN LIPID RESEARCH,PROG LIPID RES,PERGAMON-ELSEVIER SCIENCE LTD,0163-7827,1873-2194,BIOCHEMISTRY & MOLECULAR BIOLOGY,SCIE,7497,14,Q1,1.66,45.36%
TRENDS IN MICROBIOLOGY,TRENDS MICROBIOL,CELL PRESS,0966-842X,1878-4380,BIOCHEMISTRY & MOLECULAR BIOLOGY,SCIE,18267,14,Q1,1.53,36.25%
Nature Ecology & Evolution,NAT ECOL EVOL,NATURE PORTFOLIO,2397-334X,2397-334X,ECOLOGY,SCIE,18917,13.9,Q1,3.85,25.73%
Nature Ecology & Evolution,NAT ECOL EVOL,NATURE PORTFOLIO,2397-334X,2397-334X,EVOLUTIONARY BIOLOGY,SCIE,18917,13.9,Q1,3.85,25.73%
Small Structures,SMALL STRUCT,WILEY,N/A,2688-4062,"MATERIALS SCIENCE, MULTIDISCIPLINARY",SCIE,5122,13.9,Q1,1.41,56.19%
Aggregate,AGGREGATE,WILEY,N/A,2692-4560,"MATERIALS SCIENCE, MULTIDISCIPLINARY",ESCI,3131,13.9,Q1,1.38,91.38%
CELL DEATH AND DIFFERENTIATION,CELL DEATH DIFFER,SPRINGERNATURE,1350-9047,1476-5403,BIOCHEMISTRY & MOLECULAR BIOLOGY,SCIE,30898,13.7,Q1,1.97,49.80%
CELL DEATH AND DIFFERENTIATION,CELL DEATH DIFFER,SPRINGERNATURE,1350-9047,1476-5403,CELL BIOLOGY,SCIE,30898,13.7,Q1,1.97,49.80%
Physics of Life Reviews,PHYS LIFE REV,ELSEVIER,1571-0645,1873-1457,BIOLOGY,SCIE,2213,13.7,Q1,1.97,39.13%
Protein & Cell,PROTEIN CELL,OXFORD UNIV PRESS,1674-800X,1674-8018,CELL BIOLOGY,SCIE,7515,13.6,Q1,1.47,92.73%
Nano Convergence,NANO CONVERG,SPRINGER,2196-5404,2196-5404,"MATERIALS SCIENCE, MULTIDISCIPLINARY",SCIE,2915,13.4,Q1,1.2,100.00%
Nano Today,NANO TODAY,ELSEVIER SCI LTD,1748-0132,1878-044X,"MATERIALS SCIENCE, MULTIDISCIPLINARY",SCIE,17293,13.2,Q1,1.85,10.06%
Biochar,BIOCHAR,SPRINGER SINGAPORE PTE LTD,2524-7972,2524-7867,ENVIRONMENTAL SCIENCES,SCIE,2944,13.1,Q1,2.36,84.65%
DRUGS,DRUGS,ADIS INT LTD,0012-6667,1179-1950,TOXICOLOGY,SCIE,19942,13,Q1,2.99,29.44%
Cell Discovery,CELL DISCOV,SPRINGERNATURE,N/A,2056-5968,CELL BIOLOGY,SCIE,5607,13,Q1,1.93,99.60%
Small,SMALL,WILEY-V C H VERLAG GMBH,1613-6810,1613-6829,"MATERIALS SCIENCE, MULTIDISCIPLINARY",SCIE,124288,13,Q1,1.89,12.60%
Energy & Environmental Materials,ENERGY ENVIRON MATER,WILEY,N/A,2575-0356,"MATERIALS SCIENCE, MULTIDISCIPLINARY",SCIE,6740,13,Q1,1.86,38.34%
TRENDS IN CELL BIOLOGY,TRENDS CELL BIOL,CELL PRESS,0962-8924,1879-3088,CELL BIOLOGY,SCIE,19027,13,Q1,1.47,37.16%
Nature Chemical Biology,NAT CHEM BIOL,NATURE PORTFOLIO,1552-4450,1552-4469,BIOCHEMISTRY & MOLECULAR BIOLOGY,SCIE,30026,12.9,Q1,2.78,18.88%
TRENDS IN MOLECULAR MEDICINE,TRENDS MOL MED,CELL PRESS,1471-4914,1471-499X,BIOCHEMISTRY & MOLECULAR BIOLOGY,SCIE,13325,12.8,Q1,1.43,33.03%
TRENDS IN MOLECULAR MEDICINE,TRENDS MOL MED,CELL PRESS,1471-4914,1471-499X,CELL BIOLOGY,SCIE,13325,12.8,Q1,1.43,33.03%
Nano Materials Science,NANO MATER SCI,KEAI PUBLISHING LTD,2096-6482,2589-9651,"MATERIALS SCIENCE, MULTIDISCIPLINARY",ESCI,1878,12.6,Q1,1.52,98.08%
NATURE STRUCTURAL & MOLECULAR BIOLOGY,NAT STRUCT MOL BIOL,NATURE PORTFOLIO,1545-9993,1545-9985,BIOCHEMISTRY & MOLECULAR BIOLOGY,SCIE,27951,12.5,Q1,2.87,33.25%
NATURE STRUCTURAL & MOLECULAR BIOLOGY,NAT STRUCT MOL BIOL,NATURE PORTFOLIO,1545-9993,1545-9985,CELL BIOLOGY,SCIE,27951,12.5,Q1,2.87,33.25%
Business Strategy and the Environment,BUS STRATEG ENVIRON,WILEY,0964-4733,1099-0836,ENVIRONMENTAL STUDIES,SSCI,22882,12.5,Q1,2.68,40.00%
AGEING RESEARCH REVIEWS,AGEING RES REV,ELSEVIER IRELAND LTD,1568-1637,1872-9649,CELL BIOLOGY,SCIE,17158,12.5,Q1,1.56,31.32%
Resources Environment and Sustainability,RESOUR ENVIRON SUST,ELSEVIER,2666-9161,2666-9161,ENVIRONMENTAL SCIENCES,ESCI,919,12.4,Q1,1.71,94.29%
Resources Environment and Sustainability,RESOUR ENVIRON SUST,ELSEVIER,2666-9161,2666-9161,ENVIRONMENTAL STUDIES,ESCI,919,12.4,Q1,1.71,94.29%
npj Flexible Electronics,NPJ FLEX ELECTRON,NATURE PORTFOLIO,N/A,2397-4621,"MATERIALS SCIENCE, MULTIDISCIPLINARY",SCIE,3116,12.3,Q1,2.38,99.46%
JOURNAL OF HAZARDOUS MATERIALS,J HAZARD MATER,ELSEVIER,0304-3894,1873-3336,ENVIRONMENTAL SCIENCES,SCIE,210090,12.2,Q1,1.85,9.02%
Materials Horizons,MATER HORIZ,ROYAL SOC CHEMISTRY,2051-6347,2051-6355,"MATERIALS SCIENCE, MULTIDISCIPLINARY",SCIE,19038,12.2,Q1,1.78,13.78%
CURRENT OPINION IN SOLID STATE & MATERIALS SCIENCE,CURR OPIN SOLID ST M,PERGAMON-ELSEVIER SCIENCE LTD,1359-0286,1879-0348,"MATERIALS SCIENCE, MULTIDISCIPLINARY",SCIE,5275,12.2,Q1,0.97,40.43%
Annual Review of Biochemistry,ANNU REV BIOCHEM,ANNUAL REVIEWS,0066-4154,1545-4509,BIOCHEMISTRY & MOLECULAR BIOLOGY,SCIE,21005,12.1,Q1,1.71,29.49%
Nature Computational Science,NAT COMPUT SCI,SPRINGERNATURE,N/A,2662-8457,MULTIDISCIPLINARY SCIENCES,ESCI,1941,12,Q1,2.72,24.88%
Materials Futures,MATER FUTURES,IOP Publishing Ltd,N/A,2752-5724,"MATERIALS SCIENCE, MULTIDISCIPLINARY",ESCI,673,12,Q1,1.43,96.30%
GigaScience,GIGASCIENCE,OXFORD UNIV PRESS,2047-217X,2047-217X,MULTIDISCIPLINARY SCIENCES,SCIE,9724,11.8,Q1,2.17,95.92%
Energy Materials,ENERGY MATER-US,OAE PUBLISHING INC,N/A,2770-5900,"MATERIALS SCIENCE, MULTIDISCIPLINARY",ESCI,851,11.8,Q1,1.21,99.12%
Science Advances,SCI ADV,AMER ASSOC ADVANCEMENT SCIENCE,2375-2548,2375-2548,MULTIDISCIPLINARY SCIENCES,SCIE,147104,11.7,Q1,2.76,65.17%
Cell Reports Medicine,CELL REP MED,CELL PRESS,2666-3791,2666-3791,CELL BIOLOGY,SCIE,5610,11.7,Q1,2.57,93.57%
Physical Review X,PHYS REV X,AMER PHYSICAL SOC,2160-3308,2160-3308,"PHYSICS, MULTIDISCIPLINARY",SCIE,27528,11.6,Q1,3.24,98.92%
TRENDS IN BIOCHEMICAL SCIENCES,TRENDS BIOCHEM SCI,CELL PRESS,0968-0004,1362-4326,BIOCHEMISTRY & MOLECULAR BIOLOGY,SCIE,19707,11.6,Q1,1.35,39.45%
Journal of Advanced Research,J ADV RES,ELSEVIER,2090-1232,2090-1224,MULTIDISCIPLINARY SCIENCES,SCIE,10834,11.4,Q1,2.63,96.59%
WATER RESEARCH,WATER RES,PERGAMON-ELSEVIER SCIENCE LTD,0043-1354,1879-2448,ENVIRONMENTAL SCIENCES,SCIE,139373,11.4,Q1,2.14,20.28%
Annual Review of Cell and Developmental Biology,ANNU REV CELL DEV BI,ANNUAL REVIEWS,1081-0706,1530-8995,CELL BIOLOGY,SCIE,9955,11.4,Q1,1.27,32.76%
Annual Review of Cell and Developmental Biology,ANNU REV CELL DEV BI,ANNUAL REVIEWS,1081-0706,1530-8995,DEVELOPMENTAL BIOLOGY,SCIE,9955,11.4,Q1,1.27,32.76%
CRITICAL REVIEWS IN ENVIRONMENTAL SCIENCE AND TECHNOLOGY,CRIT REV ENV SCI TEC,TAYLOR & FRANCIS INC,1064-3389,1547-6537,ENVIRONMENTAL SCIENCES,SCIE,11997,11.4,Q1,0.85,14.49%
Journal of Materials Science & Technology,J MATER SCI TECHNOL,JOURNAL MATER SCI TECHNOL,1005-0302,1941-1162,"MATERIALS SCIENCE, MULTIDISCIPLINARY",SCIE,43625,11.2,Q1,2.53,3.65%
Annual Review of Pharmacology and Toxicology,ANNU REV PHARMACOL,ANNUAL REVIEWS,0362-1642,1545-4304,TOXICOLOGY,SCIE,8212,11.2,Q1,2.12,33.66%
RESOURCES CONSERVATION AND RECYCLING,RESOUR CONSERV RECY,ELSEVIER,0921-3449,1879-0658,ENVIRONMENTAL SCIENCES,SCIE,47249,11.2,Q1,1.63,28.10%
Annual Review of Ecology Evolution and Systematics,ANNU REV ECOL EVOL S,ANNUAL REVIEWS,1543-592X,1545-2069,ECOLOGY,SCIE,20565,11.2,Q1,1.29,29.58%
Annual Review of Ecology Evolution and Systematics,ANNU REV ECOL EVOL S,ANNUAL REVIEWS,1543-592X,1545-2069,EVOLUTIONARY BIOLOGY,SCIE,20565,11.2,Q1,1.29,29.58%
Cell Genomics,CELL GENOM,ELSEVIER,2666-979X,2666-979X,CELL BIOLOGY,ESCI,1230,11.1,Q1,2.37,92.42%
REMOTE SENSING OF ENVIRONMENT,REMOTE SENS ENVIRON,ELSEVIER SCIENCE INC,0034-4257,1879-0704,ENVIRONMENTAL SCIENCES,SCIE,86104,11.1,Q1,2.35,54.85%
Trends in Environmental Analytical Chemistry,TRENDS ENVIRON ANAL,ELSEVIER,2214-1588,2214-1588,ENVIRONMENTAL SCIENCES,SCIE,1886,11.1,Q1,1.87,14.41%
Small Science,SMALL SCI,WILEY,2688-4046,2688-4046,"MATERIALS SCIENCE, MULTIDISCIPLINARY",ESCI,2046,11.1,Q1,1.31,87.91%
BIOLOGICAL REVIEWS,BIOL REV,WILEY,1464-7931,1469-185X,BIOLOGY,SCIE,19544,11,Q1,2.93,47.09%
MOLECULAR BIOLOGY AND EVOLUTION,MOL BIOL EVOL,OXFORD UNIV PRESS,0737-4038,1537-1719,BIOCHEMISTRY & MOLECULAR BIOLOGY,SCIE,62418,11,Q1,2.47,95.42%
MOLECULAR BIOLOGY AND EVOLUTION,MOL BIOL EVOL,OXFORD UNIV PRESS,0737-4038,1537-1719,EVOLUTIONARY BIOLOGY,SCIE,62418,11,Q1,2.47,95.42%
Tourism Management,TOURISM MANAGE,ELSEVIER SCI LTD,0261-5177,1879-3193,ENVIRONMENTAL STUDIES,SSCI,32404,10.9,Q1,2.81,15.57%
Sustainable Production and Consumption,SUSTAIN PROD CONSUMP,ELSEVIER,2352-5509,2352-5509,ENVIRONMENTAL STUDIES,SSCI,12218,10.9,Q1,2.19,26.12%
CEMENT AND CONCRETE RESEARCH,CEMENT CONCRETE RES,PERGAMON-ELSEVIER SCIENCE LTD,0008-8846,1873-3948,"MATERIALS SCIENCE, MULTIDISCIPLINARY",SCIE,67048,10.9,Q1,2.03,34.30%
ISME Journal,ISME J,OXFORD UNIV PRESS,1751-7362,1751-7370,ECOLOGY,SCIE,38872,10.8,Q1,2.7,69.46%
GLOBAL CHANGE BIOLOGY,GLOBAL CHANGE BIOL,WILEY,1354-1013,1365-2486,BIODIVERSITY CONSERVATION,SCIE,68820,10.8,Q1,2.5,39.19%
GLOBAL CHANGE BIOLOGY,GLOBAL CHANGE BIOL,WILEY,1354-1013,1365-2486,ECOLOGY,SCIE,68820,10.8,Q1,2.5,39.19%
GLOBAL CHANGE BIOLOGY,GLOBAL CHANGE BIOL,WILEY,1354-1013,1365-2486,ENVIRONMENTAL SCIENCES,SCIE,68820,10.8,Q1,2.5,39.19%
ENVIRONMENTAL SCIENCE & TECHNOLOGY,ENVIRON SCI TECHNOL,AMER CHEMICAL SOC,0013-936X,1520-5851,ENVIRONMENTAL SCIENCES,SCIE,239936,10.8,Q1,1.56,13.80%
DEVELOPMENTAL CELL,DEV CELL,CELL PRESS,1534-5807,1878-1551,CELL BIOLOGY,SCIE,33248,10.7,Q1,2.4,80.45%
DEVELOPMENTAL CELL,DEV CELL,CELL PRESS,1534-5807,1878-1551,DEVELOPMENTAL BIOLOGY,SCIE,33248,10.7,Q1,2.4,80.45%
Redox Biology,REDOX BIOL,ELSEVIER,2213-2317,2213-2317,BIOCHEMISTRY & MOLECULAR BIOLOGY,SCIE,28038,10.7,Q1,2.07,95.73%
Journal of Materials Chemistry A,J MATER CHEM A,ROYAL SOC CHEMISTRY,2050-7488,2050-7496,"MATERIALS SCIENCE, MULTIDISCIPLINARY",SCIE,211134,10.7,Q1,1.59,10.24%
EcoMat,ECOMAT,WILEY,N/A,2567-3173,"MATERIALS SCIENCE, MULTIDISCIPLINARY",SCIE,2935,10.7,Q1,1.49,91.20%
Small Methods,SMALL METHODS,WILEY-V C H VERLAG GMBH,2366-9608,2366-9608,"MATERIALS SCIENCE, MULTIDISCIPLINARY",SCIE,17178,10.7,Q1,1.3,16.90%
Molecular Horticulture,MOL HORTIC,SPRINGERNATURE,2730-9401,2730-9401,PLANT SCIENCES,ESCI,325,10.6,Q1,1.58,100.00%
Annual Review of Materials Research,ANNU REV MATER RES,ANNUAL REVIEWS,1531-7331,1545-4118,"MATERIALS SCIENCE, MULTIDISCIPLINARY",SCIE,8347,10.6,Q1,0.6,33.90%
CARBON,CARBON,PERGAMON-ELSEVIER SCIENCE LTD,0008-6223,1873-3891,"MATERIALS SCIENCE, MULTIDISCIPLINARY",SCIE,98620,10.5,Q1,1.78,16.08%
npj Clean Water,NPJ CLEAN WATER,NATURE PORTFOLIO,2059-7037,2059-7037,ENVIRONMENTAL SCIENCES,SCIE,2563,10.4,Q1,1.47,99.46%
Additive Manufacturing,ADDIT MANUF,ELSEVIER,2214-8604,2214-7810,"MATERIALS SCIENCE, MULTIDISCIPLINARY",SCIE,38388,10.3,Q1,1.95,34.84%
ENVIRONMENT INTERNATIONAL,ENVIRON INT,PERGAMON-ELSEVIER SCIENCE LTD,0160-4120,1873-6750,ENVIRONMENTAL SCIENCES,SCIE,62853,10.3,Q1,1.9,96.98%
Virtual and Physical Prototyping,VIRTUAL PHYS PROTOTY,TAYLOR & FRANCIS LTD,1745-2759,1745-2767,"MATERIALS SCIENCE, MULTIDISCIPLINARY",SCIE,3479,10.2,Q1,1.86,74.12%
NATURAL PRODUCT REPORTS,NAT PROD REP,ROYAL SOC CHEMISTRY,0265-0568,1460-4752,BIOCHEMISTRY & MOLECULAR BIOLOGY,SCIE,12999,10.2,Q1,1.47,24.43%
ENVIRONMENTAL HEALTH PERSPECTIVES,ENVIRON HEALTH PERSP,US DEPT HEALTH HUMAN SCIENCES PUBLIC HEALTH SCIENCE,0091-6765,1552-9924,ENVIRONMENTAL SCIENCES,SCIE,39172,10.1,Q1,2.41,88.74%
ENVIRONMENTAL HEALTH PERSPECTIVES,ENVIRON HEALTH PERSP,US DEPT HEALTH HUMAN SCIENCES PUBLIC HEALTH SCIENCE,0091-6765,1552-9924,TOXICOLOGY,SCIE,39172,10.1,Q1,2.41,88.74%
PLANT BIOTECHNOLOGY JOURNAL,PLANT BIOTECHNOL J,WILEY,1467-7644,1467-7652,PLANT SCIENCES,SCIE,18272,10.1,Q1,2.34,77.93%
PLANT CELL,PLANT CELL,OXFORD UNIV PRESS INC,1040-4651,1532-298X,BIOCHEMISTRY & MOLECULAR BIOLOGY,SCIE,60657,10,Q1,2.23,39.09%
PLANT CELL,PLANT CELL,OXFORD UNIV PRESS INC,1040-4651,1532-298X,CELL BIOLOGY,SCIE,60657,10,Q1,2.23,39.09%
PLANT CELL,PLANT CELL,OXFORD UNIV PRESS INC,1040-4651,1532-298X,PLANT SCIENCES,SCIE,60657,10,Q1,2.23,39.09%
Materials Today Physics,MATER TODAY PHYS,ELSEVIER,2542-5293,2542-5293,"MATERIALS SCIENCE, MULTIDISCIPLINARY",SCIE,8642,10,Q1,2.08,12.58%
FRONTIERS IN ECOLOGY AND THE ENVIRONMENT,FRONT ECOL ENVIRON,WILEY,1540-9295,1540-9309,ECOLOGY,SCIE,12936,10,Q1,1.88,55.09%
FRONTIERS IN ECOLOGY AND THE ENVIRONMENT,FRONT ECOL ENVIRON,WILEY,1540-9295,1540-9309,ENVIRONMENTAL SCIENCES,SCIE,12936,10,Q1,1.88,55.09%
Journal of Econometrics,J ECONOMETRICS,ELSEVIER SCIENCE SA,0304-4076,1872-6895,"MATHEMATICS, INTERDISCIPLINARY APPLICATIONS",SCIE,29126,9.9,Q1,2.38,21.26%
Advanced Industrial and Engineering Polymer Research,ADV IND ENG POLY RES,KEAI PUBLISHING LTD,2542-5048,2542-5048,"MATERIALS SCIENCE, MULTIDISCIPLINARY",ESCI,1414,9.9,Q1,1.3,78.05%
Environmental Impact Assessment Review,ENVIRON IMPACT ASSES,ELSEVIER SCIENCE INC,0195-9255,1873-6432,ENVIRONMENTAL STUDIES,SSCI,10187,9.8,Q1,2.17,13.68%
BIORESOURCE TECHNOLOGY,BIORESOURCE TECHNOL,ELSEVIER SCI LTD,0960-8524,1873-2976,AGRICULTURAL ENGINEERING,SCIE,167707,9.7,Q1,1.76,9.18%
Journal of Cleaner Production,J CLEAN PROD,ELSEVIER SCI LTD,0959-6526,1879-1786,ENVIRONMENTAL SCIENCES,SCIE,317153,9.7,Q1,1.52,14.15%
BIOCHIMICA ET BIOPHYSICA ACTA-REVIEWS ON CANCER,BBA-REV CANCER,ELSEVIER,0304-419X,1879-2561,BIOCHEMISTRY & MOLECULAR BIOLOGY,SCIE,9799,9.7,Q1,1.33,22.22%
ARCHIVES OF COMPUTATIONAL METHODS IN ENGINEERING,ARCH COMPUT METHOD E,SPRINGER,1134-3060,1886-1784,"MATHEMATICS, INTERDISCIPLINARY APPLICATIONS",SCIE,8304,9.7,Q1,1.27,15.15%
MOLECULAR PSYCHIATRY,MOL PSYCHIATR,SPRINGERNATURE,1359-4184,1476-5578,BIOCHEMISTRY & MOLECULAR BIOLOGY,SCIE,34241,9.6,Q1,2.26,51.69%
NANO LETTERS,NANO LETT,AMER CHEMICAL SOC,1530-6984,1530-6992,"MATERIALS SCIENCE, MULTIDISCIPLINARY",SCIE,159730,9.6,Q1,1.76,10.53%
ACS Materials Letters,ACS MATER LETT,AMER CHEMICAL SOC,N/A,2639-4979,"MATERIALS SCIENCE, MULTIDISCIPLINARY",SCIE,8571,9.6,Q1,1.59,5.52%
RARE METALS,RARE METALS,NONFERROUS METALS SOC CHINA,1001-0521,1867-7185,"MATERIALS SCIENCE, MULTIDISCIPLINARY",SCIE,11256,9.6,Q1,1.42,0.77%
EXPERIMENTAL AND MOLECULAR MEDICINE,EXP MOL MED,SPRINGERNATURE,1226-3613,2092-6413,BIOCHEMISTRY & MOLECULAR BIOLOGY,SCIE,15135,9.5,Q1,1.72,99.82%
Nano Research,NANO RES,TSINGHUA UNIV PRESS,1998-0124,1998-0000,"MATERIALS SCIENCE, MULTIDISCIPLINARY",SCIE,43765,9.5,Q1,1.54,2.84%
PROCEEDINGS OF THE NATIONAL ACADEMY OF SCIENCES OF THE UNITED STATES OF AMERICA,P NATL ACAD SCI USA,NATL ACAD SCIENCES,0027-8424,1091-6490,MULTIDISCIPLINARY SCIENCES,SCIE,730197,9.4,Q1,2.39,77.30%
INTERNATIONAL JOURNAL OF PLASTICITY,INT J PLASTICITY,PERGAMON-ELSEVIER SCIENCE LTD,0749-6419,1879-2154,"MATERIALS SCIENCE, MULTIDISCIPLINARY",SCIE,19968,9.4,Q1,2.32,21.12%
Plant Communications,PLANT COMMUN,CELL PRESS,2590-3462,2590-3462,BIOCHEMISTRY & MOLECULAR BIOLOGY,SCIE,2246,9.4,Q1,1.77,96.79%
Plant Communications,PLANT COMMUN,CELL PRESS,2590-3462,2590-3462,PLANT SCIENCES,SCIE,2246,9.4,Q1,1.77,96.79%
EMBO JOURNAL,EMBO J,WILEY,0261-4189,1460-2075,BIOCHEMISTRY & MOLECULAR BIOLOGY,SCIE,63359,9.4,Q1,1.71,65.13%
EMBO JOURNAL,EMBO J,WILEY,0261-4189,1460-2075,CELL BIOLOGY,SCIE,63359,9.4,Q1,1.71,65.13%
npj Computational Materials,NPJ COMPUT MATER,NATURE PORTFOLIO,N/A,2057-3960,"MATERIALS SCIENCE, MULTIDISCIPLINARY",SCIE,11944,9.4,Q1,1.5,99.71%
Wiley Interdisciplinary Reviews-Climate Change,WIRES CLIM CHANGE,WILEY,1757-7780,1757-7799,ENVIRONMENTAL STUDIES,SSCI,7176,9.4,Q1,1.33,57.79%
PRX Quantum,PRX QUANTUM,AMER PHYSICAL SOC,N/A,2691-3399,"PHYSICS, MULTIDISCIPLINARY",SCIE,4957,9.3,Q1,2.4,96.40%
Energy Policy,ENERG POLICY,ELSEVIER SCI LTD,0301-4215,1873-6777,ENVIRONMENTAL SCIENCES,SCIE,67144,9.3,Q1,1.99,30.21%
Energy Policy,ENERG POLICY,ELSEVIER SCI LTD,0301-4215,1873-6777,ENVIRONMENTAL STUDIES,SSCI,67144,9.3,Q1,1.99,30.21%
Journal of Integrative Plant Biology,J INTEGR PLANT BIOL,WILEY,1672-9072,1744-7909,BIOCHEMISTRY & MOLECULAR BIOLOGY,SCIE,10690,9.3,Q1,1.96,24.51%
Journal of Integrative Plant Biology,J INTEGR PLANT BIOL,WILEY,1672-9072,1744-7909,PLANT SCIENCES,SCIE,10690,9.3,Q1,1.96,24.51%
CYTOKINE & GROWTH FACTOR REVIEWS,CYTOKINE GROWTH F R,ELSEVIER SCI LTD,1359-6101,1879-0305,BIOCHEMISTRY & MOLECULAR BIOLOGY,SCIE,7894,9.3,Q1,1.34,25.00%
CYTOKINE & GROWTH FACTOR REVIEWS,CYTOKINE GROWTH F R,ELSEVIER SCI LTD,1359-6101,1879-0305,CELL BIOLOGY,SCIE,7894,9.3,Q1,1.34,25.00%
CELLULAR & MOLECULAR BIOLOGY LETTERS,CELL MOL BIOL LETT,BMC,1425-8153,1689-1392,BIOCHEMISTRY & MOLECULAR BIOLOGY,SCIE,4030,9.2,Q1,1.48,100.00%
CELLULAR & MOLECULAR BIOLOGY LETTERS,CELL MOL BIOL LETT,BMC,1425-8153,1689-1392,CELL BIOLOGY,SCIE,4030,9.2,Q1,1.48,100.00%
npj Urban Sustainability,NPJ URBAN SUSTAIN,SPRINGERNATURE,N/A,2661-8001,ENVIRONMENTAL STUDIES,ESCI,666,9.1,Q1,2.04,100.00%
npj 2D Materials and Applications,NPJ 2D MATER APPL,NATURE PORTFOLIO,N/A,2397-7132,"MATERIALS SCIENCE, MULTIDISCIPLINARY",SCIE,3863,9.1,Q1,1.39,100.00%
Annual Review of Phytopathology,ANNU REV PHYTOPATHOL,ANNUAL REVIEWS,0066-4286,1545-2107,PLANT SCIENCES,SCIE,9153,9.1,Q1,1.09,32.08%
Current Forestry Reports,CURR FOR REP,SPRINGER INT PUBL AG,2198-6436,2198-6436,FORESTRY,SCIE,1650,9,Q1,2.75,56.76%
Environmental Chemistry and Ecotoxicology,ENVIRON CHEM ECOTOX,KEAI PUBLISHING LTD,N/A,2590-1826,ENVIRONMENTAL SCIENCES,ESCI,711,9,Q1,1.67,100.00%
Environmental Chemistry and Ecotoxicology,ENVIRON CHEM ECOTOX,KEAI PUBLISHING LTD,N/A,2590-1826,TOXICOLOGY,ESCI,711,9,Q1,1.67,100.00%
Cell Systems,CELL SYST,CELL PRESS,2405-4712,2405-4720,BIOCHEMISTRY & MOLECULAR BIOLOGY,SCIE,9272,9,Q1,1.57,80.36%
Cell Systems,CELL SYST,CELL PRESS,2405-4712,2405-4720,CELL BIOLOGY,SCIE,9272,9,Q1,1.57,80.36%
Materials Today Energy,MATER TODAY ENERGY,ELSEVIER SCI LTD,2468-6069,2468-6069,"MATERIALS SCIENCE, MULTIDISCIPLINARY",SCIE,9881,9,Q1,1.43,9.65%
JOURNAL OF BIOMEDICAL SCIENCE,J BIOMED SCI,BMC,1021-7770,1423-0127,CELL BIOLOGY,SCIE,9105,9,Q1,1.42,99.29%
Battery Energy,BATTERY ENERGY,WILEY,2768-1688,2768-1696,"MATERIALS SCIENCE, MULTIDISCIPLINARY",ESCI,540,9,Q1,1.12,96.15%
Environmental Science & Technology Letters,ENVIRON SCI TECH LET,AMER CHEMICAL SOC,2328-8930,N/A,ENVIRONMENTAL SCIENCES,SCIE,9967,8.9,Q1,1.49,17.55%
Journal of Remote Sensing,J REMOTE SENS-PRC,AMER ASSOC ADVANCEMENT SCIENCE,N/A,2694-1589,ENVIRONMENTAL SCIENCES,ESCI,527,8.8,Q1,1.3,90.28%
Annual Review of Animal Biosciences,ANNU REV ANIM BIOSCI,ANNUAL REVIEWS,2165-8102,2165-8110,"AGRICULTURE, DAIRY & ANIMAL SCIENCE",SCIE,1987,8.7,Q1,4.63,32.76%
Annual Review of Animal Biosciences,ANNU REV ANIM BIOSCI,ANNUAL REVIEWS,2165-8102,2165-8110,ZOOLOGY,SCIE,1987,8.7,Q1,4.63,32.76%
MOLECULAR ASPECTS OF MEDICINE,MOL ASPECTS MED,ELSEVIER,0098-2997,1872-9452,BIOCHEMISTRY & MOLECULAR BIOLOGY,SCIE,8966,8.7,Q1,1.31,36.78%
GLOBAL ENVIRONMENTAL CHANGE-HUMAN AND POLICY DIMENSIONS,GLOBAL ENVIRON CHANG,ELSEVIER SCI LTD,0959-3780,1872-9495,ENVIRONMENTAL SCIENCES,SCIE,24192,8.6,Q1,2.37,56.97%
GLOBAL ENVIRONMENTAL CHANGE-HUMAN AND POLICY DIMENSIONS,GLOBAL ENVIRON CHANG,ELSEVIER SCI LTD,0959-3780,1872-9495,ENVIRONMENTAL STUDIES,SSCI,24192,8.6,Q1,2.37,56.97%
Materials Research Letters,MATER RES LETT,TAYLOR & FRANCIS INC,2166-3831,2166-3831,"MATERIALS SCIENCE, MULTIDISCIPLINARY",SCIE,5314,8.6,Q1,1.53,98.37%
Sustainable Materials and Technologies,SUSTAIN MATER TECHNO,ELSEVIER,2214-9937,2214-9937,"MATERIALS SCIENCE, MULTIDISCIPLINARY",SCIE,5839,8.6,Q1,1.45,19.06%
Journal of Nanostructure in Chemistry,J NANOSTRUCTURE CHEM,SPRINGER HEIDELBERG,2008-9244,2193-8865,"MATERIALS SCIENCE, MULTIDISCIPLINARY",SCIE,3203,8.6,Q1,1.38,8.75%
NPG Asia Materials,NPG ASIA MATER,NATURE PORTFOLIO,1884-4049,1884-4057,"MATERIALS SCIENCE, MULTIDISCIPLINARY",SCIE,7523,8.6,Q1,1.27,99.59%
REVIEWS IN ENVIRONMENTAL SCIENCE AND BIO-TECHNOLOGY,REV ENVIRON SCI BIO,SPRINGER,1569-1705,1572-9826,ENVIRONMENTAL SCIENCES,SCIE,5115,8.6,Q1,1.1,23.21%
Molecular Systems Biology,MOL SYST BIOL,SPRINGERNATURE,1744-4292,1744-4292,BIOCHEMISTRY & MOLECULAR BIOLOGY,SCIE,9948,8.5,Q1,1.74,55.50%
Research,RESEARCH-CHINA,AMER ASSOC ADVANCEMENT SCIENCE,2096-5168,2639-5274,MULTIDISCIPLINARY SCIENCES,SCIE,5868,8.5,Q1,1.58,92.15%
Journal of Materiomics,J MATERIOMICS,ELSEVIER,2352-8478,2352-8478,"MATERIALS SCIENCE, MULTIDISCIPLINARY",SCIE,5052,8.4,Q1,1.6,96.08%
NEW PHYTOLOGIST,NEW PHYTOL,WILEY,0028-646X,1469-8137,PLANT SCIENCES,SCIE,83074,8.3,Q1,2.13,37.11%
ACTA MATERIALIA,ACTA MATER,PERGAMON-ELSEVIER SCIENCE LTD,1359-6454,1873-2453,"MATERIALS SCIENCE, MULTIDISCIPLINARY",SCIE,113518,8.3,Q1,1.9,38.09%
Corporate Social Responsibility and Environmental Management,CORP SOC RESP ENV MA,WILEY,1535-3958,1535-3966,ENVIRONMENTAL STUDIES,SSCI,12291,8.3,Q1,1.87,29.40%
ACS Applied Materials & Interfaces,ACS APPL MATER INTER,AMER CHEMICAL SOC,1944-8244,1944-8252,"MATERIALS SCIENCE, MULTIDISCIPLINARY",SCIE,364612,8.3,Q1,1.4,6.13%
CURRENT OPINION IN PLANT BIOLOGY,CURR OPIN PLANT BIOL,CURRENT BIOLOGY LTD,1369-5266,1879-0356,PLANT SCIENCES,SCIE,17340,8.3,Q1,1,47.84%
International Journal of Biological Sciences,INT J BIOL SCI,IVYSPRING INT PUBL,1449-2288,1449-2288,BIOCHEMISTRY & MOLECULAR BIOLOGY,SCIE,17365,8.2,Q1,1.87,99.05%
Artificial Intelligence in Agriculture,ARTIF INTELL AGR,KEAI PUBLISHING LTD,N/A,2589-7217,"AGRICULTURE, MULTIDISCIPLINARY",ESCI,981,8.2,Q1,1.77,98.73%
Science of The Total Environment,SCI TOTAL ENVIRON,ELSEVIER,0048-9697,1879-1026,ENVIRONMENTAL SCIENCES,SCIE,394564,8.2,Q1,1.62,20.51%
Materials Today Nano,MATER TODAY NANO,ELSEVIER,2588-8420,2588-8420,"MATERIALS SCIENCE, MULTIDISCIPLINARY",SCIE,2934,8.2,Q1,1.24,11.63%
Cell Communication and Signaling,CELL COMMUN SIGNAL,BMC,N/A,1478-811X,CELL BIOLOGY,SCIE,8710,8.2,Q1,1,100.00%
PHYSICAL REVIEW LETTERS,PHYS REV LETT,AMER PHYSICAL SOC,0031-9007,1079-7114,"PHYSICS, MULTIDISCIPLINARY",SCIE,471243,8.1,Q1,2.25,26.19%
Communications Earth & Environment,COMMUN EARTH ENVIRON,SPRINGERNATURE,N/A,2662-4435,ENVIRONMENTAL SCIENCES,SCIE,5591,8.1,Q1,1.85,99.80%
Chemosphere,CHEMOSPHERE,PERGAMON-ELSEVIER SCIENCE LTD,0045-6535,1879-1298,ENVIRONMENTAL SCIENCES,SCIE,194561,8.1,Q1,1.58,11.26%
CURRENT BIOLOGY,CURR BIOL,CELL PRESS,0960-9822,1879-0445,BIOCHEMISTRY & MOLECULAR BIOLOGY,SCIE,76536,8.1,Q1,1.58,82.44%
CURRENT BIOLOGY,CURR BIOL,CELL PRESS,0960-9822,1879-0445,BIOLOGY,SCIE,76536,8.1,Q1,1.58,82.44%
CURRENT BIOLOGY,CURR BIOL,CELL PRESS,0960-9822,1879-0445,CELL BIOLOGY,SCIE,76536,8.1,Q1,1.58,82.44%
Materials Today Advances,MATER TODAY ADV,ELSEVIER,2590-0498,2590-0498,"MATERIALS SCIENCE, MULTIDISCIPLINARY",SCIE,2984,8.1,Q1,1.4,94.46%
JOURNAL OF POWER SOURCES,J POWER SOURCES,ELSEVIER,0378-7753,1873-2755,"MATERIALS SCIENCE, MULTIDISCIPLINARY",SCIE,143750,8.1,Q1,1.33,15.86%
Cell Death & Disease,CELL DEATH DIS,SPRINGERNATURE,2041-4889,2041-4889,CELL BIOLOGY,SCIE,60695,8.1,Q1,1.24,99.69%
CRITICAL REVIEWS IN SOLID STATE AND MATERIALS SCIENCES,CRIT REV SOLID STATE,TAYLOR & FRANCIS INC,1040-8436,1547-6561,"MATERIALS SCIENCE, MULTIDISCIPLINARY",SCIE,2609,8.1,Q1,0.51,6.25%
Science China-Life Sciences,SCI CHINA LIFE SCI,SCIENCE PRESS,1674-7305,1869-1889,BIOLOGY,SCIE,7888,8,Q1,1.87,2.36%
Advanced Optical Materials,ADV OPT MATER,WILEY-V C H VERLAG GMBH,2195-1071,2195-1071,"MATERIALS SCIENCE, MULTIDISCIPLINARY",SCIE,38352,8,Q1,1.75,16.01%
AGING CELL,AGING CELL,WILEY,1474-9718,1474-9726,CELL BIOLOGY,SCIE,17555,8,Q1,1.61,72.09%
Journal of Environmental Management,J ENVIRON MANAGE,ACADEMIC PRESS LTD- ELSEVIER SCIENCE LTD,0301-4797,1095-8630,ENVIRONMENTAL SCIENCES,SCIE,110283,8,Q1,1.49,16.50%
PROGRESS IN PHOTOVOLTAICS,PROG PHOTOVOLTAICS,WILEY,1062-7995,1099-159X,"MATERIALS SCIENCE, MULTIDISCIPLINARY",SCIE,7872,8,Q1,1.36,40.13%
Energy Nexus,ENERGY NEXUS,ELSEVIER,2772-4271,2772-4271,ENVIRONMENTAL SCIENCES,ESCI,1345,8,Q1,1.27,92.02%
Nanoscale Horizons,NANOSCALE HORIZ,ROYAL SOC CHEMISTRY,2055-6756,2055-6764,"MATERIALS SCIENCE, MULTIDISCIPLINARY",SCIE,5600,8,Q1,1.08,21.90%
LANDSCAPE AND URBAN PLANNING,LANDSCAPE URBAN PLAN,ELSEVIER,0169-2046,1872-6062,ECOLOGY,SCIE,28158,7.9,Q1,2.37,41.24%
LANDSCAPE AND URBAN PLANNING,LANDSCAPE URBAN PLAN,ELSEVIER,0169-2046,1872-6062,ENVIRONMENTAL STUDIES,SSCI,28158,7.9,Q1,2.37,41.24%
Cell Reports Physical Science,CELL REP PHYS SCI,CELL PRESS,N/A,2666-3864,"MATERIALS SCIENCE, MULTIDISCIPLINARY",SCIE,8382,7.9,Q1,1.46,98.54%
Cell Reports Physical Science,CELL REP PHYS SCI,CELL PRESS,N/A,2666-3864,"PHYSICS, MULTIDISCIPLINARY",SCIE,8382,7.9,Q1,1.46,98.54%
Current Opinion in Electrochemistry,CURR OPIN ELECTROCHE,ELSEVIER,2451-9103,2451-9103,"MATERIALS SCIENCE, MULTIDISCIPLINARY",SCIE,7934,7.9,Q1,0.55,27.60%
PLOS BIOLOGY,PLOS BIOL,PUBLIC LIBRARY SCIENCE,1544-9173,1545-7885,BIOCHEMISTRY & MOLECULAR BIOLOGY,SCIE,38680,7.8,Q1,2.03,97.03%
PLOS BIOLOGY,PLOS BIOL,PUBLIC LIBRARY SCIENCE,1544-9173,1545-7885,BIOLOGY,SCIE,38680,7.8,Q1,2.03,97.03%
Review of Environmental Economics and Policy,REV ENV ECON POLICY,UNIV CHICAGO PRESS,1750-6816,1750-6824,ENVIRONMENTAL STUDIES,SSCI,2106,7.8,Q1,1.82,5.08%
COMPUTERS AND ELECTRONICS IN AGRICULTURE,COMPUT ELECTRON AGR,ELSEVIER SCI LTD,0168-1699,1872-7107,"AGRICULTURE, MULTIDISCIPLINARY",SCIE,37392,7.7,Q1,2.07,16.52%
Information Processing in Agriculture,INFORM PROCESS AGR,ELSEVIER,2214-3173,2214-3173,"AGRICULTURE, MULTIDISCIPLINARY",ESCI,2573,7.7,Q1,2.03,96.30%
ENVIRONMENTAL RESEARCH,ENVIRON RES,ACADEMIC PRESS INC ELSEVIER SCIENCE,0013-9351,1096-0953,ENVIRONMENTAL SCIENCES,SCIE,69609,7.7,Q1,1.98,16.39%
Conservation Letters,CONSERV LETT,WILEY,1755-263X,1755-263X,BIODIVERSITY CONSERVATION,SCIE,6064,7.7,Q1,1.9,82.17%
International Journal of Biological Macromolecules,INT J BIOL MACROMOL,ELSEVIER,0141-8130,1879-0003,BIOCHEMISTRY & MOLECULAR BIOLOGY,SCIE,153193,7.7,Q1,1.47,5.54%
Advances in Physics-X,ADV PHYS-X,TAYLOR & FRANCIS LTD,2374-6149,2374-6149,"PHYSICS, MULTIDISCIPLINARY",SCIE,1970,7.7,Q1,0.74,99.06%
Horticulture Research,HORTIC RES-ENGLAND,OXFORD UNIV PRESS INC,2662-6810,2052-7276,PLANT SCIENCES,SCIE,9137,7.6,Q1,2.21,96.54%
BIOSCIENCE,BIOSCIENCE,OXFORD UNIV PRESS,0006-3568,1525-3244,BIOLOGY,SCIE,20370,7.6,Q1,2.17,43.04%
ECOLOGY LETTERS,ECOL LETT,WILEY,1461-023X,1461-0248,ECOLOGY,SCIE,38664,7.6,Q1,2.12,38.69%
Plant Phenomics,PLANT PHENOMICS,AMER ASSOC ADVANCEMENT SCIENCE,2643-6515,2643-6515,AGRONOMY,SCIE,943,7.6,Q1,1.71,94.19%
Plant Phenomics,PLANT PHENOMICS,AMER ASSOC ADVANCEMENT SCIENCE,2643-6515,2643-6515,PLANT SCIENCES,SCIE,943,7.6,Q1,1.71,94.19%
ENVIRONMENTAL POLLUTION,ENVIRON POLLUT,ELSEVIER SCI LTD,0269-7491,1873-6424,ENVIRONMENTAL SCIENCES,SCIE,126553,7.6,Q1,1.5,15.60%
MATERIALS & DESIGN,MATER DESIGN,ELSEVIER SCI LTD,0264-1275,1873-4197,"MATERIALS SCIENCE, MULTIDISCIPLINARY",SCIE,88486,7.6,Q1,1.37,96.96%
GENES & DEVELOPMENT,GENE DEV,"COLD SPRING HARBOR LAB PRESS, PUBLICATIONS DEPT",0890-9369,1549-5477,CELL BIOLOGY,SCIE,46711,7.5,Q1,1.86,98.19%
GENES & DEVELOPMENT,GENE DEV,"COLD SPRING HARBOR LAB PRESS, PUBLICATIONS DEPT",0890-9369,1549-5477,DEVELOPMENTAL BIOLOGY,SCIE,46711,7.5,Q1,1.86,98.19%
NEUROSCIENCE AND BIOBEHAVIORAL REVIEWS,NEUROSCI BIOBEHAV R,PERGAMON-ELSEVIER SCIENCE LTD,0149-7634,1873-7528,BEHAVIORAL SCIENCES,SCIE,40527,7.5,Q1,1.49,40.56%
Cell Reports,CELL REP,CELL PRESS,2211-1247,2211-1247,CELL BIOLOGY,SCIE,93625,7.5,Q1,1.29,92.26%
Communications Materials,COMMUN MATER,SPRINGERNATURE,N/A,2662-4443,"MATERIALS SCIENCE, MULTIDISCIPLINARY",ESCI,2647,7.5,Q1,1.27,100.00%
Annual Review of Statistics and Its Application,ANNU REV STAT APPL,ANNUAL REVIEWS,2326-8298,2326-831X,"MATHEMATICS, INTERDISCIPLINARY APPLICATIONS",SCIE,1686,7.4,Q1,3.07,40.54%
CORROSION SCIENCE,CORROS SCI,PERGAMON-ELSEVIER SCIENCE LTD,0010-938X,1879-0496,"MATERIALS SCIENCE, MULTIDISCIPLINARY",SCIE,63762,7.4,Q1,1.66,13.94%
Construction and Building Materials,CONSTR BUILD MATER,ELSEVIER SCI LTD,0950-0618,1879-0526,"MATERIALS SCIENCE, MULTIDISCIPLINARY",SCIE,228428,7.4,Q1,1.43,8.67%
JOURNAL OF CELL BIOLOGY,J CELL BIOL,ROCKEFELLER UNIV PRESS,0021-9525,1540-8140,CELL BIOLOGY,SCIE,59898,7.4,Q1,1.08,94.29%
SCIENCE AND TECHNOLOGY OF ADVANCED MATERIALS,SCI TECHNOL ADV MAT,TAYLOR & FRANCIS LTD,1468-6996,1878-5514,"MATERIALS SCIENCE, MULTIDISCIPLINARY",SCIE,7058,7.4,Q1,0.85,96.09%
PHYTOCHEMISTRY REVIEWS,PHYTOCHEM REV,SPRINGER,1568-7767,1572-980X,PLANT SCIENCES,SCIE,5443,7.3,Q1,1.77,28.48%
Earths Future,EARTHS FUTURE,AMER GEOPHYSICAL UNION,N/A,2328-4277,ENVIRONMENTAL SCIENCES,SCIE,8605,7.3,Q1,1.69,78.77%
TRANSPORTATION RESEARCH PART D-TRANSPORT AND ENVIRONMENT,TRANSPORT RES D-TR E,PERGAMON-ELSEVIER SCIENCE LTD,1361-9209,1879-2340,ENVIRONMENTAL STUDIES,SSCI,20643,7.3,Q1,1.63,31.84%
International Soil and Water Conservation Research,INT SOIL WATER CONSE,KEAI PUBLISHING LTD,2095-6339,2589-059X,ENVIRONMENTAL SCIENCES,SCIE,3057,7.3,Q1,1.59,89.47%
Particle and Fibre Toxicology,PART FIBRE TOXICOL,BMC,1743-8977,1743-8977,TOXICOLOGY,SCIE,5436,7.2,Q1,2.18,100.00%
Applied Materials Today,APPL MATER TODAY,ELSEVIER,2352-9407,2352-9407,"MATERIALS SCIENCE, MULTIDISCIPLINARY",SCIE,13309,7.2,Q1,1.39,17.55%
CHEMISTRY OF MATERIALS,CHEM MATER,AMER CHEMICAL SOC,0897-4756,1520-5002,"MATERIALS SCIENCE, MULTIDISCIPLINARY",SCIE,113115,7.2,Q1,1.29,12.98%
Water Research X,WATER RES X,ELSEVIER,N/A,2589-9147,ENVIRONMENTAL SCIENCES,SCIE,1057,7.2,Q1,1.18,95.24%
ECOLOGICAL MONOGRAPHS,ECOL MONOGR,WILEY,0012-9615,1557-7015,ECOLOGY,SCIE,12052,7.1,Q1,1.72,41.86%
FREE RADICAL BIOLOGY AND MEDICINE,FREE RADICAL BIO MED,ELSEVIER SCIENCE INC,0891-5849,1873-4596,BIOCHEMISTRY & MOLECULAR BIOLOGY,SCIE,51005,7.1,Q1,1.64,29.78%
COMPUTERS ENVIRONMENT AND URBAN SYSTEMS,COMPUT ENVIRON URBAN,ELSEVIER SCI LTD,0198-9715,1873-7587,ENVIRONMENTAL STUDIES,SSCI,6641,7.1,Q1,1.49,38.82%
Stem Cell Research & Therapy,STEM CELL RES THER,BMC,N/A,1757-6512,CELL BIOLOGY,SCIE,24357,7.1,Q1,1.39,99.86%
Materials Today Sustainability,MATER TODAY SUSTAIN,ELSEVIER,2589-2347,2589-2347,"MATERIALS SCIENCE, MULTIDISCIPLINARY",SCIE,2627,7.1,Q1,1.14,8.55%
Waste Management,WASTE MANAGE,PERGAMON-ELSEVIER SCIENCE LTD,0956-053X,1879-2456,ENVIRONMENTAL SCIENCES,SCIE,50128,7.1,Q1,1.13,20.07%
COMPUTERS IN BIOLOGY AND MEDICINE,COMPUT BIOL MED,PERGAMON-ELSEVIER SCIENCE LTD,0010-4825,1879-0534,BIOLOGY,SCIE,26685,7,Q1,1.8,19.90%
Ecological Indicators,ECOL INDIC,ELSEVIER,1470-160X,1872-7034,ENVIRONMENTAL SCIENCES,SCIE,58287,7,Q1,1.65,97.33%
Journal of Physics-Energy,J PHYS-ENERGY,IOP Publishing Ltd,2515-7655,2515-7655,"MATERIALS SCIENCE, MULTIDISCIPLINARY",SCIE,1879,7,Q1,0.82,98.80%
COMPUTER METHODS IN APPLIED MECHANICS AND ENGINEERING,COMPUT METHOD APPL M,ELSEVIER SCIENCE SA,0045-7825,1879-2138,"MATHEMATICS, INTERDISCIPLINARY APPLICATIONS",SCIE,48296,6.9,Q1,2.12,33.94%
Energy Research & Social Science,ENERGY RES SOC SCI,ELSEVIER,2214-6296,2214-6326,ENVIRONMENTAL STUDIES,SSCI,17963,6.9,Q1,1.48,48.47%
ONCOGENE,ONCOGENE,SPRINGERNATURE,0950-9232,1476-5594,BIOCHEMISTRY & MOLECULAR BIOLOGY,SCIE,63616,6.9,Q1,1.47,39.26%
ONCOGENE,ONCOGENE,SPRINGERNATURE,0950-9232,1476-5594,CELL BIOLOGY,SCIE,63616,6.9,Q1,1.47,39.26%
Cold Spring Harbor Perspectives in Biology,CSH PERSPECT BIOL,"COLD SPRING HARBOR LAB PRESS, PUBLICATIONS DEPT",1943-0264,1943-0264,CELL BIOLOGY,SCIE,22617,6.9,Q1,1.26,0.00%
Genes & Diseases,GENES DIS,KEAI PUBLISHING LTD,2352-4820,2352-3042,BIOCHEMISTRY & MOLECULAR BIOLOGY,SCIE,3994,6.9,Q1,1.24,98.63%
CURRENT OPINION IN CHEMICAL BIOLOGY,CURR OPIN CHEM BIOL,ELSEVIER SCI LTD,1367-5931,1879-0402,BIOCHEMISTRY & MOLECULAR BIOLOGY,SCIE,10868,6.9,Q1,0.9,41.27%
FOOD POLICY,FOOD POLICY,ELSEVIER SCI LTD,0306-9192,1873-5657,AGRICULTURAL ECONOMICS & POLICY,SCIE,10467,6.8,Q1,1.83,50.12%
Plant Stress,PLANT STRESS,ELSEVIER,2667-064X,2667-064X,PLANT SCIENCES,ESCI,989,6.8,Q1,1.63,98.03%
Journal of Xenobiotics,J XENOBIOTICS,MDPI,2039-4705,2039-4713,TOXICOLOGY,ESCI,395,6.8,Q1,1.29,100.00%
Science China-Materials,SCI CHINA MATER,SCIENCE PRESS,2095-8226,2199-4501,"MATERIALS SCIENCE, MULTIDISCIPLINARY",SCIE,9942,6.8,Q1,1.23,1.53%
Wiley Interdisciplinary Reviews-Water,WIRES WATER,WILEY,2049-1948,2049-1948,ENVIRONMENTAL SCIENCES,SCIE,4304,6.8,Q1,1.07,45.60%
IEEE Transactions on Network Science and Engineering,IEEE T NETW SCI ENG,IEEE COMPUTER SOC,2327-4697,2327-4697,"MATHEMATICS, INTERDISCIPLINARY APPLICATIONS",SCIE,7033,6.7,Q1,2.42,9.55%
PHYTOMEDICINE,PHYTOMEDICINE,ELSEVIER GMBH,0944-7113,1618-095X,PLANT SCIENCES,SCIE,22347,6.7,Q1,2.03,14.06%
Current Opinion in Environmental Science & Health,CURR OPIN ENV SCI HL,ELSEVIER,2468-5844,2468-5844,ENVIRONMENTAL SCIENCES,ESCI,3096,6.7,Q1,1.64,21.16%
Environmental Technology & Innovation,ENVIRON TECHNOL INNO,ELSEVIER,2352-1864,2352-1864,ENVIRONMENTAL SCIENCES,SCIE,15209,6.7,Q1,1.24,58.42%
Science Signaling,SCI SIGNAL,AMER ASSOC ADVANCEMENT SCIENCE,1945-0877,1937-9145,BIOCHEMISTRY & MOLECULAR BIOLOGY,SCIE,14493,6.7,Q1,1.24,2.85%
Science Signaling,SCI SIGNAL,AMER ASSOC ADVANCEMENT SCIENCE,1945-0877,1937-9145,CELL BIOLOGY,SCIE,14493,6.7,Q1,1.24,2.85%
JOURNAL OF MATERIALS PROCESSING TECHNOLOGY,J MATER PROCESS TECH,ELSEVIER SCIENCE SA,0924-0136,1873-4774,"MATERIALS SCIENCE, MULTIDISCIPLINARY",SCIE,41643,6.7,Q1,1.22,12.14%
Materials Today Chemistry,MATER TODAY CHEM,ELSEVIER SCI LTD,2468-5194,2468-5194,"MATERIALS SCIENCE, MULTIDISCIPLINARY",SCIE,9979,6.7,Q1,1.21,10.01%
Journal of Science-Advanced Materials and Devices,J SCI-ADV MATER DEV,VIETNAM NATL UNIV,2468-2284,2468-2179,"MATERIALS SCIENCE, MULTIDISCIPLINARY",SCIE,3508,6.7,Q1,0.97,93.96%
TRANSACTIONS OF TIANJIN UNIVERSITY,T TIANJIN U,SPRINGERNATURE,1006-4982,1995-8196,"MATERIALS SCIENCE, MULTIDISCIPLINARY",ESCI,1278,6.7,Q1,0.73,56.64%
ACS Environmental Au,ACS ENVIRON AU,AMER CHEMICAL SOC,N/A,2694-2518,ENVIRONMENTAL SCIENCES,ESCI,404,6.7,Q1,0.68,68.60%
ECONOMETRICA,ECONOMETRICA,WILEY,0012-9682,1468-0262,"MATHEMATICS, INTERDISCIPLINARY APPLICATIONS",SCIE,44504,6.6,Q1,2.73,0.00%
ECOLOGICAL ECONOMICS,ECOL ECON,ELSEVIER,0921-8009,1873-6106,ECOLOGY,SCIE,33837,6.6,Q1,1.58,42.01%
ECOLOGICAL ECONOMICS,ECOL ECON,ELSEVIER,0921-8009,1873-6106,ENVIRONMENTAL SCIENCES,SCIE,33837,6.6,Q1,1.58,42.01%
ECOLOGICAL ECONOMICS,ECOL ECON,ELSEVIER,0921-8009,1873-6106,ENVIRONMENTAL STUDIES,SSCI,33837,6.6,Q1,1.58,42.01%
Cell Chemical Biology,CELL CHEM BIOL,CELL PRESS,2451-9456,2451-9448,BIOCHEMISTRY & MOLECULAR BIOLOGY,SCIE,7732,6.6,Q1,1.46,76.03%
Journal of Genetics and Genomics,J GENET GENOMICS,SCIENCE PRESS,1673-8527,1873-5533,BIOCHEMISTRY & MOLECULAR BIOLOGY,SCIE,3847,6.6,Q1,1.17,36.12%
npj Materials Degradation,NPJ MAT DEGRAD,NATURE PORTFOLIO,N/A,2397-2106,"MATERIALS SCIENCE, MULTIDISCIPLINARY",SCIE,2229,6.6,Q1,1.05,99.59%
Current Opinion in Environmental Sustainability,CURR OPIN ENV SUST,ELSEVIER SCI LTD,1877-3435,1877-3443,ENVIRONMENTAL SCIENCES,SCIE,8552,6.6,Q1,1.02,45.63%
Journal of Hazardous Materials Letters,J HAZARD MATER LETT,ELSEVIER,2666-9110,2666-9110,ENVIRONMENTAL SCIENCES,ESCI,458,6.6,Q1,0.83,98.85%
PLANT PHYSIOLOGY,PLANT PHYSIOL,OXFORD UNIV PRESS INC,0032-0889,1532-2548,PLANT SCIENCES,SCIE,93096,6.5,Q1,1.96,38.60%
HABITAT INTERNATIONAL,HABITAT INT,PERGAMON-ELSEVIER SCIENCE LTD,0197-3975,1873-5428,ENVIRONMENTAL STUDIES,SSCI,10674,6.5,Q1,1.68,17.12%
INTERNATIONAL JOURNAL OF SUSTAINABLE DEVELOPMENT AND WORLD ECOLOGY,INT J SUST DEV WORLD,TAYLOR & FRANCIS INC,1350-4509,1745-2627,ECOLOGY,SCIE,3529,6.5,Q1,1.5,12.57%
ACS Photonics,ACS PHOTONICS,AMER CHEMICAL SOC,2330-4022,N/A,"MATERIALS SCIENCE, MULTIDISCIPLINARY",SCIE,22372,6.5,Q1,1.36,17.96%
Case Studies in Construction Materials,CASE STUD CONSTR MAT,ELSEVIER,2214-5095,2214-5095,"MATERIALS SCIENCE, MULTIDISCIPLINARY",SCIE,12515,6.5,Q1,1.34,90.46%
Frontiers of Physics,FRONT PHYS-BEIJING,HIGHER EDUCATION PRESS,2095-0462,2095-0470,"PHYSICS, MULTIDISCIPLINARY",SCIE,3256,6.5,Q1,1.23,2.96%
Nanophotonics,NANOPHOTONICS-BERLIN,WALTER DE GRUYTER GMBH,2192-8606,2192-8614,"MATERIALS SCIENCE, MULTIDISCIPLINARY",SCIE,12901,6.5,Q1,1.18,98.02%
EMBO REPORTS,EMBO REP,WILEY,1469-221X,1469-3178,BIOCHEMISTRY & MOLECULAR BIOLOGY,SCIE,20112,6.5,Q1,1.1,54.55%
EMBO REPORTS,EMBO REP,WILEY,1469-221X,1469-3178,CELL BIOLOGY,SCIE,20112,6.5,Q1,1.1,54.55%
Advanced Sustainable Systems,ADV SUSTAIN SYST,WILEY-V C H VERLAG GMBH,2366-7486,2366-7486,"MATERIALS SCIENCE, MULTIDISCIPLINARY",SCIE,4398,6.5,Q1,1,23.00%
NEW CARBON MATERIALS,NEW CARBON MATER,ELSEVIER,2097-1605,1872-5805,"MATERIALS SCIENCE, MULTIDISCIPLINARY",SCIE,2621,6.5,Q1,0.65,0.00%
POSTHARVEST BIOLOGY AND TECHNOLOGY,POSTHARVEST BIOL TEC,ELSEVIER,0925-5214,1873-2356,AGRONOMY,SCIE,21598,6.4,Q1,2.01,10.80%
eLife,ELIFE,eLIFE SCIENCES PUBL LTD,2050-084X,2050-084X,BIOLOGY,SCIE,96957,6.4,Q1,1.88,99.60%
Science China-Physics Mechanics & Astronomy,SCI CHINA PHYS MECH,SCIENCE PRESS,1674-7348,1869-1927,"PHYSICS, MULTIDISCIPLINARY",SCIE,5755,6.4,Q1,1.67,2.61%
Current Pollution Reports,CURR POLLUT REP,SPRINGER HEIDELBERG,2198-6592,2198-6592,ENVIRONMENTAL SCIENCES,SCIE,2159,6.4,Q1,1.33,19.66%
Advances in Climate Change Research,ADV CLIM CHANG RES,KEAI PUBLISHING LTD,1674-9278,1674-9278,ENVIRONMENTAL SCIENCES,SCIE,2699,6.4,Q1,1.25,94.53%
Agronomy for Sustainable Development,AGRON SUSTAIN DEV,SPRINGER FRANCE,1774-0746,1773-0155,AGRONOMY,SCIE,10023,6.4,Q1,1.12,58.89%
Advanced Materials Technologies,ADV MATER TECHNOL-US,WILEY,2365-709X,2365-709X,"MATERIALS SCIENCE, MULTIDISCIPLINARY",SCIE,18469,6.4,Q1,0.93,22.64%
MUTATION RESEARCH-REVIEWS IN MUTATION RESEARCH,MUTAT RES-REV MUTAT,ELSEVIER,1383-5742,1388-2139,TOXICOLOGY,SCIE,3694,6.4,Q1,0.92,30.59%
JOURNAL OF TOXICOLOGY AND ENVIRONMENTAL HEALTH-PART B-CRITICAL REVIEWS,J TOXICOL ENV HEAL B,TAYLOR & FRANCIS INC,1093-7404,1521-6950,ENVIRONMENTAL SCIENCES,SCIE,2281,6.4,Q1,0.78,34.09%
JOURNAL OF TOXICOLOGY AND ENVIRONMENTAL HEALTH-PART B-CRITICAL REVIEWS,J TOXICOL ENV HEAL B,TAYLOR & FRANCIS INC,1093-7404,1521-6950,TOXICOLOGY,SCIE,2281,6.4,Q1,0.78,34.09%
Wiley Interdisciplinary Reviews-RNA,WIRES RNA,WILEY,1757-7004,1757-7012,CELL BIOLOGY,SCIE,4050,6.4,Q1,0.73,34.16%
Journal of Animal Science and Biotechnology,J ANIM SCI BIOTECHNO,BMC,1674-9782,2049-1891,"AGRICULTURE, DAIRY & ANIMAL SCIENCE",SCIE,5803,6.3,Q1,2.44,99.76%
GLOBAL ECOLOGY AND BIOGEOGRAPHY,GLOBAL ECOL BIOGEOGR,WILEY,1466-822X,1466-8238,ECOLOGY,SCIE,17766,6.3,Q1,1.77,37.82%
Methods in Ecology and Evolution,METHODS ECOL EVOL,WILEY,2041-210X,2041-2096,ECOLOGY,SCIE,24981,6.3,Q1,1.7,63.79%
SOLAR ENERGY MATERIALS AND SOLAR CELLS,SOL ENERG MAT SOL C,ELSEVIER,0927-0248,1879-3398,"MATERIALS SCIENCE, MULTIDISCIPLINARY",SCIE,34234,6.3,Q1,1.27,19.18%
Machine Learning-Science and Technology,MACH LEARN-SCI TECHN,IOP Publishing Ltd,N/A,2632-2153,MULTIDISCIPLINARY SCIENCES,SCIE,2161,6.3,Q1,1.16,99.53%
Smart Agricultural Technology,SMART AGR TECHNOL,ELSEVIER,2772-3755,2772-3755,AGRICULTURAL ENGINEERING,ESCI,1116,6.3,Q1,1.06,96.78%
Smart Agricultural Technology,SMART AGR TECHNOL,ELSEVIER,2772-3755,2772-3755,"AGRICULTURE, MULTIDISCIPLINARY",ESCI,1116,6.3,Q1,1.06,96.78%
Smart Agricultural Technology,SMART AGR TECHNOL,ELSEVIER,2772-3755,2772-3755,AGRONOMY,ESCI,1116,6.3,Q1,1.06,96.78%
Molecular Biomedicine,MOL BIOMED,SPRINGERNATURE,N/A,2662-8651,BIOCHEMISTRY & MOLECULAR BIOLOGY,ESCI,608,6.3,Q1,0.79,100.00%
Molecular Biomedicine,MOL BIOMED,SPRINGERNATURE,N/A,2662-8651,CELL BIOLOGY,ESCI,608,6.3,Q1,0.79,100.00%
PLANT JOURNAL,PLANT J,WILEY,0960-7412,1365-313X,PLANT SCIENCES,SCIE,54794,6.2,Q1,1.77,28.56%
GENOME RESEARCH,GENOME RES,"COLD SPRING HARBOR LAB PRESS, PUBLICATIONS DEPT",1088-9051,1549-5469,BIOCHEMISTRY & MOLECULAR BIOLOGY,SCIE,42910,6.2,Q1,1.62,95.16%
ECOTOXICOLOGY AND ENVIRONMENTAL SAFETY,ECOTOX ENVIRON SAFE,ACADEMIC PRESS INC ELSEVIER SCIENCE,0147-6513,1090-2414,ENVIRONMENTAL SCIENCES,SCIE,61521,6.2,Q1,1.47,97.17%
ECOTOXICOLOGY AND ENVIRONMENTAL SAFETY,ECOTOX ENVIRON SAFE,ACADEMIC PRESS INC ELSEVIER SCIENCE,0147-6513,1090-2414,TOXICOLOGY,SCIE,61521,6.2,Q1,1.47,97.17%
Journal of Materials Research and Technology-JMR&T,J MATER RES TECHNOL,ELSEVIER,2238-7854,2214-0697,"MATERIALS SCIENCE, MULTIDISCIPLINARY",SCIE,43039,6.2,Q1,1.26,98.02%
SEMINARS IN CELL & DEVELOPMENTAL BIOLOGY,SEMIN CELL DEV BIOL,ACADEMIC PRESS LTD- ELSEVIER SCIENCE LTD,1084-9521,1096-3634,CELL BIOLOGY,SCIE,14888,6.2,Q1,0.95,42.14%
SEMINARS IN CELL & DEVELOPMENTAL BIOLOGY,SEMIN CELL DEV BIOL,ACADEMIC PRESS LTD- ELSEVIER SCIENCE LTD,1084-9521,1096-3634,DEVELOPMENTAL BIOLOGY,SCIE,14888,6.2,Q1,0.95,42.14%
CELLULAR AND MOLECULAR LIFE SCIENCES,CELL MOL LIFE SCI,SPRINGER BASEL AG,1420-682X,1420-9071,BIOCHEMISTRY & MOLECULAR BIOLOGY,SCIE,36916,6.2,Q1,0.94,51.15%
CELLULAR AND MOLECULAR LIFE SCIENCES,CELL MOL LIFE SCI,SPRINGER BASEL AG,1420-682X,1420-9071,CELL BIOLOGY,SCIE,36916,6.2,Q1,0.94,51.15%
Advanced Energy and Sustainability Research,ADV ENERG SUST RES,WILEY,2699-9412,2699-9412,"MATERIALS SCIENCE, MULTIDISCIPLINARY",ESCI,2130,6.2,Q1,0.71,82.08%
CRITICAL REVIEWS IN BIOCHEMISTRY AND MOLECULAR BIOLOGY,CRIT REV BIOCHEM MOL,TAYLOR & FRANCIS LTD,1040-9238,1549-7798,BIOCHEMISTRY & MOLECULAR BIOLOGY,SCIE,3999,6.2,Q1,0.65,23.21%
Animal Nutrition,ANIM NUTR,KEAI PUBLISHING LTD,2405-6383,2405-6545,"AGRICULTURE, DAIRY & ANIMAL SCIENCE",SCIE,4353,6.1,Q1,2.61,92.40%
AGRICULTURAL SYSTEMS,AGR SYST,ELSEVIER SCI LTD,0308-521X,1873-2267,"AGRICULTURE, MULTIDISCIPLINARY",SCIE,12430,6.1,Q1,2.05,53.82%
JOURNAL OF ENVIRONMENTAL PSYCHOLOGY,J ENVIRON PSYCHOL,ACADEMIC PRESS LTD- ELSEVIER SCIENCE LTD,0272-4944,1522-9610,ENVIRONMENTAL STUDIES,SSCI,17452,6.1,Q1,1.88,38.08%
Systematic Biology,SYST BIOL,OXFORD UNIV PRESS,1063-5157,1076-836X,EVOLUTIONARY BIOLOGY,SCIE,18274,6.1,Q1,1.82,44.82%
PLANT PHYSIOLOGY AND BIOCHEMISTRY,PLANT PHYSIOL BIOCH,ELSEVIER FRANCE-EDITIONS SCIENTIFIQUES MEDICALES ELSEVIER,0981-9428,1873-2690,PLANT SCIENCES,SCIE,28889,6.1,Q1,1.69,8.66%
Current Opinion in Toxicology,CURR OPIN TOXICOL,ELSEVIER,2468-2020,2468-2020,TOXICOLOGY,ESCI,1497,6.1,Q1,1.44,37.76%
Ecosystem Services,ECOSYST SERV,ELSEVIER,2212-0416,2212-0416,ECOLOGY,SCIE,10137,6.1,Q1,1.42,45.38%
Ecosystem Services,ECOSYST SERV,ELSEVIER,2212-0416,2212-0416,ENVIRONMENTAL SCIENCES,SCIE,10137,6.1,Q1,1.42,45.38%
Ecosystem Services,ECOSYST SERV,ELSEVIER,2212-0416,2212-0416,ENVIRONMENTAL STUDIES,SSCI,10137,6.1,Q1,1.42,45.38%
MATERIALS SCIENCE AND ENGINEERING A-STRUCTURAL MATERIALS PROPERTIES MICROSTRUCTURE AND PROCESSING,MAT SCI ENG A-STRUCT,ELSEVIER SCIENCE SA,0921-5093,1873-4936,"MATERIALS SCIENCE, MULTIDISCIPLINARY",SCIE,124580,6.1,Q1,1.18,12.60%
CURRENT OPINION IN STRUCTURAL BIOLOGY,CURR OPIN STRUC BIOL,CURRENT BIOLOGY LTD,0959-440X,1879-033X,BIOCHEMISTRY & MOLECULAR BIOLOGY,SCIE,11970,6.1,Q1,1.17,52.34%
CURRENT OPINION IN STRUCTURAL BIOLOGY,CURR OPIN STRUC BIOL,CURRENT BIOLOGY LTD,0959-440X,1879-033X,CELL BIOLOGY,SCIE,11970,6.1,Q1,1.17,52.34%
Cell and Bioscience,CELL BIOSCI,BMC,N/A,2045-3701,BIOCHEMISTRY & MOLECULAR BIOLOGY,SCIE,6413,6.1,Q1,1.07,99.84%
Frontiers of Environmental Science & Engineering,FRONT ENV SCI ENG,HIGHER EDUCATION PRESS,2095-2201,2095-221X,ENVIRONMENTAL SCIENCES,SCIE,5113,6.1,Q1,0.97,8.39%
Cell Death Discovery,CELL DEATH DISCOV,SPRINGERNATURE,N/A,2058-7716,CELL BIOLOGY,SCIE,8655,6.1,Q1,0.96,99.85%
Nanotechnology Reviews,NANOTECHNOL REV,DE GRUYTER POLAND SP Z O O,2191-9089,2191-9097,"MATERIALS SCIENCE, MULTIDISCIPLINARY",SCIE,4524,6.1,Q1,0.93,96.72%
Cleaner Environmental Systems,CLEAN ENVIRON SYST,ELSEVIER,2666-7894,2666-7894,ENVIRONMENTAL SCIENCES,ESCI,639,6.1,Q1,0.92,93.55%
Cleaner Environmental Systems,CLEAN ENVIRON SYST,ELSEVIER,2666-7894,2666-7894,ENVIRONMENTAL STUDIES,ESCI,639,6.1,Q1,0.92,93.55%
APOPTOSIS,APOPTOSIS,SPRINGER,1360-8185,1573-675X,BIOCHEMISTRY & MOLECULAR BIOLOGY,SCIE,6525,6.1,Q1,0.85,16.80%
APOPTOSIS,APOPTOSIS,SPRINGER,1360-8185,1573-675X,CELL BIOLOGY,SCIE,6525,6.1,Q1,0.85,16.80%
Reviews of Environmental Contamination and Toxicology,REV ENVIRON CONTAM T,SPRINGER,0179-5953,2197-6554,ENVIRONMENTAL SCIENCES,SCIE,3013,6.1,Q1,0.78,11.36%
Reviews of Environmental Contamination and Toxicology,REV ENVIRON CONTAM T,SPRINGER,0179-5953,2197-6554,TOXICOLOGY,SCIE,3013,6.1,Q1,0.78,11.36%
Crop Journal,CROP J,KEAI PUBLISHING LTD,2095-5421,2214-5141,AGRONOMY,SCIE,4862,6,Q1,1.91,95.65%
Crop Journal,CROP J,KEAI PUBLISHING LTD,2095-5421,2214-5141,PLANT SCIENCES,SCIE,4862,6,Q1,1.91,95.65%
URBAN FORESTRY & URBAN GREENING,URBAN FOR URBAN GREE,ELSEVIER GMBH,1618-8667,1610-8167,ENVIRONMENTAL STUDIES,SSCI,15848,6,Q1,1.76,28.21%
URBAN FORESTRY & URBAN GREENING,URBAN FOR URBAN GREE,ELSEVIER GMBH,1618-8667,1610-8167,FORESTRY,SCIE,15848,6,Q1,1.76,28.21%
AGRICULTURE ECOSYSTEMS & ENVIRONMENT,AGR ECOSYST ENVIRON,ELSEVIER,0167-8809,1873-2305,"AGRICULTURE, MULTIDISCIPLINARY",SCIE,33053,6,Q1,1.72,29.50%
AGRICULTURE ECOSYSTEMS & ENVIRONMENT,AGR ECOSYST ENVIRON,ELSEVIER,0167-8809,1873-2305,ECOLOGY,SCIE,33053,6,Q1,1.72,29.50%
AGRICULTURE ECOSYSTEMS & ENVIRONMENT,AGR ECOSYST ENVIRON,ELSEVIER,0167-8809,1873-2305,ENVIRONMENTAL SCIENCES,SCIE,33053,6,Q1,1.72,29.50%
PLANT CELL AND ENVIRONMENT,PLANT CELL ENVIRON,WILEY,0140-7791,1365-3040,PLANT SCIENCES,SCIE,30402,6,Q1,1.66,31.85%
LAND USE POLICY,LAND USE POLICY,ELSEVIER SCI LTD,0264-8377,1873-5754,ENVIRONMENTAL STUDIES,SSCI,32633,6,Q1,1.5,26.49%
Journal of Environmental Informatics,J ENVIRON INFORM,INT SOC ENVIRON INFORM SCI,1726-2135,1684-8799,ENVIRONMENTAL SCIENCES,SCIE,776,6,Q1,1.39,0.00%
Urban Climate,URBAN CLIM,ELSEVIER,2212-0955,2212-0955,ENVIRONMENTAL SCIENCES,SCIE,8471,6,Q1,1.34,18.75%
Antioxidants,ANTIOXIDANTS-BASEL,MDPI,N/A,2076-3921,BIOCHEMISTRY & MOLECULAR BIOLOGY,SCIE,48845,6,Q1,1.21,99.50%
MOLECULAR MEDICINE,MOL MED,SPRINGER,1076-1551,1528-3658,BIOCHEMISTRY & MOLECULAR BIOLOGY,SCIE,7216,6,Q1,1.06,99.58%
MOLECULAR MEDICINE,MOL MED,SPRINGER,1076-1551,1528-3658,CELL BIOLOGY,SCIE,7216,6,Q1,1.06,99.58%
Cancer & Metabolism,CANCER METAB,BMC,N/A,2049-3002,CELL BIOLOGY,SCIE,1467,6,Q1,1.04,100.00%
Environmental Sciences Europe,ENVIRON SCI EUR,SPRINGER,2190-4707,2190-4715,ENVIRONMENTAL SCIENCES,SCIE,4579,6,Q1,1,100.00%
Solar RRL,SOL RRL,WILEY-V C H VERLAG GMBH,2367-198X,2367-198X,"MATERIALS SCIENCE, MULTIDISCIPLINARY",SCIE,12115,6,Q1,0.98,22.40%
Materials Chemistry Frontiers,MATER CHEM FRONT,ROYAL SOC CHEMISTRY,N/A,2052-1537,"MATERIALS SCIENCE, MULTIDISCIPLINARY",SCIE,13261,6,Q1,0.93,5.39%
CURRENT OPINION IN CELL BIOLOGY,CURR OPIN CELL BIOL,CURRENT BIOLOGY LTD,0955-0674,1879-0410,CELL BIOLOGY,SCIE,12594,6,Q1,0.81,45.13%
CRITICAL REVIEWS IN PLANT SCIENCES,CRIT REV PLANT SCI,TAYLOR & FRANCIS INC,0735-2689,1549-7836,PLANT SCIENCES,SCIE,4491,6,Q1,0.7,23.33%
Agricultural Water Management,AGR WATER MANAGE,ELSEVIER,0378-3774,1873-2283,AGRONOMY,SCIE,31875,5.9,Q1,1.89,44.43%
Journal of Environmental Sciences,J ENVIRON SCI,SCIENCE PRESS,1001-0742,1878-7320,ENVIRONMENTAL SCIENCES,SCIE,21394,5.9,Q1,1.37,5.25%
ANTIOXIDANTS & REDOX SIGNALING,ANTIOXID REDOX SIGN,"MARY ANN LIEBERT, INC",1523-0864,1557-7716,BIOCHEMISTRY & MOLECULAR BIOLOGY,SCIE,24610,5.9,Q1,1.36,11.43%
REVIEWS IN FISH BIOLOGY AND FISHERIES,REV FISH BIOL FISHER,SPRINGER,0960-3166,1573-5184,MARINE & FRESHWATER BIOLOGY,SCIE,4808,5.9,Q1,1.35,39.04%
AMERICAN JOURNAL OF RESPIRATORY CELL AND MOLECULAR BIOLOGY,AM J RESP CELL MOL,AMER THORACIC SOC,1044-1549,1535-4989,BIOCHEMISTRY & MOLECULAR BIOLOGY,SCIE,13200,5.9,Q1,1.25,12.42%
AMERICAN JOURNAL OF RESPIRATORY CELL AND MOLECULAR BIOLOGY,AM J RESP CELL MOL,AMER THORACIC SOC,1044-1549,1535-4989,CELL BIOLOGY,SCIE,13200,5.9,Q2,1.25,12.42%
Stem Cell Reports,STEM CELL REP,CELL PRESS,2213-6711,2213-6711,CELL BIOLOGY,SCIE,11012,5.9,Q2,1.18,95.73%
Global Change Biology Bioenergy,GCB BIOENERGY,WILEY,1757-1693,1757-1707,AGRONOMY,SCIE,5061,5.9,Q1,1.08,83.52%
Neural Regeneration Research,NEURAL REGEN RES,WOLTERS KLUWER MEDKNOW PUBLICATIONS,1673-5374,1876-7958,CELL BIOLOGY,SCIE,11886,5.9,Q2,1.03,94.68%
Non-coding RNA Research,NON-CODING RNA RES,KEAI PUBLISHING LTD,2468-2160,2468-0540,BIOCHEMISTRY & MOLECULAR BIOLOGY,ESCI,937,5.9,Q1,0.92,95.92%
FlatChem,FLATCHEM,ELSEVIER,2452-2627,2452-2627,"MATERIALS SCIENCE, MULTIDISCIPLINARY",SCIE,2056,5.9,Q1,0.9,6.84%
CELL PROLIFERATION,CELL PROLIFERAT,WILEY,0960-7722,1365-2184,CELL BIOLOGY,SCIE,8069,5.9,Q2,0.86,69.51%
HLA,HLA,WILEY,2059-2302,2059-2310,CELL BIOLOGY,SCIE,1565,5.9,Q2,0.73,32.47%
RIVISTA DEL NUOVO CIMENTO,RIV NUOVO CIMENTO,SPRINGERNATURE,0393-697X,1826-9850,"PHYSICS, MULTIDISCIPLINARY",SCIE,938,5.9,Q1,0.65,75.76%
Journal of Lipids,J LIPIDS,HINDAWI LTD,2090-3030,2090-3049,BIOCHEMISTRY & MOLECULAR BIOLOGY,ESCI,472,5.9,Q1,0.55,100.00%
Current Opinion in Insect Science,CURR OPIN INSECT SCI,ELSEVIER,2214-5745,2214-5753,BIOLOGY,SCIE,5100,5.8,Q1,1.91,38.97%
Current Opinion in Insect Science,CURR OPIN INSECT SCI,ELSEVIER,2214-5745,2214-5753,ECOLOGY,SCIE,5100,5.8,Q1,1.91,38.97%
Scientific Data,SCI DATA,NATURE PORTFOLIO,N/A,2052-4463,MULTIDISCIPLINARY SCIENCES,SCIE,27572,5.8,Q1,1.73,99.69%
Ecological Informatics,ECOL INFORM,ELSEVIER,1574-9541,1878-0512,ECOLOGY,SCIE,8069,5.8,Q1,1.69,23.03%
Marine Life Science & Technology,MAR LIFE SCI TECH,SPRINGERNATURE,2096-6490,2662-1746,MARINE & FRESHWATER BIOLOGY,SCIE,853,5.8,Q1,1.46,47.22%
Environmental Research Letters,ENVIRON RES LETT,IOP Publishing Ltd,1748-9326,1748-9326,ENVIRONMENTAL SCIENCES,SCIE,44013,5.8,Q1,1.21,99.03%
Journal of Alloys and Compounds,J ALLOY COMPD,ELSEVIER SCIENCE SA,0925-8388,1873-4669,"MATERIALS SCIENCE, MULTIDISCIPLINARY",SCIE,211621,5.8,Q1,1.18,5.26%
BIOMASS & BIOENERGY,BIOMASS BIOENERG,PERGAMON-ELSEVIER SCIENCE LTD,0961-9534,1873-2909,AGRICULTURAL ENGINEERING,SCIE,21023,5.8,Q1,1.02,23.05%
Environmental Science-Nano,ENVIRON SCI-NANO,ROYAL SOC CHEMISTRY,2051-8153,2051-8161,ENVIRONMENTAL SCIENCES,SCIE,12242,5.8,Q1,1.02,11.23%
Nanoscale,NANOSCALE,ROYAL SOC CHEMISTRY,2040-3364,2040-3372,"MATERIALS SCIENCE, MULTIDISCIPLINARY",SCIE,118942,5.8,Q1,0.98,15.86%
AMBIO,AMBIO,SPRINGER,0044-7447,1654-7209,ENVIRONMENTAL SCIENCES,SCIE,12238,5.8,Q1,0.81,68.02%
Horticultural Plant Journal,HORTIC PLANT J,KEAI PUBLISHING LTD,2095-9885,2468-0141,PLANT SCIENCES,SCIE,1739,5.7,Q1,1.71,99.55%
BioScience Trends,BIOSCI TRENDS,IRCA-BSSA,1881-7815,1881-7823,BIOLOGY,SCIE,2027,5.7,Q1,1.39,98.00%
International Journal of Fatigue,INT J FATIGUE,ELSEVIER SCI LTD,0142-1123,1879-3452,"MATERIALS SCIENCE, MULTIDISCIPLINARY",SCIE,28296,5.7,Q2,1.39,16.92%
JOURNAL OF AGRICULTURAL AND FOOD CHEMISTRY,J AGR FOOD CHEM,AMER CHEMICAL SOC,0021-8561,1520-5118,"AGRICULTURE, MULTIDISCIPLINARY",SCIE,142021,5.7,Q1,1.33,5.60%
Science of Remote Sensing,SCI REMOTE SENSING,ELSEVIER,2666-0172,2666-0172,ENVIRONMENTAL SCIENCES,ESCI,547,5.7,Q1,1.31,90.82%
Biology Direct,BIOL DIRECT,BMC,N/A,1745-6150,BIOLOGY,SCIE,2327,5.7,Q1,1.28,98.65%
Environmental Innovation and Societal Transitions,ENVIRON INNOV SOC TR,ELSEVIER,2210-4224,2210-4232,ENVIRONMENTAL SCIENCES,SCIE,4902,5.7,Q1,1.26,64.62%
Environmental Innovation and Societal Transitions,ENVIRON INNOV SOC TR,ELSEVIER,2210-4224,2210-4232,ENVIRONMENTAL STUDIES,SSCI,4902,5.7,Q1,1.26,64.62%
Journal of Materials Chemistry C,J MATER CHEM C,ROYAL SOC CHEMISTRY,2050-7526,2050-7534,"MATERIALS SCIENCE, MULTIDISCIPLINARY",SCIE,75986,5.7,Q2,1.11,10.74%
Fundamental Research,FUND RES-CHINA,KEAI PUBLISHING LTD,2096-9457,2667-3258,MULTIDISCIPLINARY SCIENCES,ESCI,1431,5.7,Q1,1.08,97.02%
ACS Materials Au,ACS MATER AU,AMER CHEMICAL SOC,2694-2461,2694-2461,"MATERIALS SCIENCE, MULTIDISCIPLINARY",ESCI,552,5.7,Q2,0.79,74.05%
CRITICAL REVIEWS IN TOXICOLOGY,CRIT REV TOXICOL,TAYLOR & FRANCIS LTD,1040-8444,1547-6898,TOXICOLOGY,SCIE,4376,5.7,Q1,0.76,47.52%
FIELD CROPS RESEARCH,FIELD CROP RES,ELSEVIER,0378-4290,1872-6852,AGRONOMY,SCIE,25948,5.6,Q1,1.9,22.75%
AGRICULTURAL AND FOREST METEOROLOGY,AGR FOREST METEOROL,ELSEVIER,0168-1923,1873-2240,AGRONOMY,SCIE,28380,5.6,Q1,1.88,31.32%
AGRICULTURAL AND FOREST METEOROLOGY,AGR FOREST METEOROL,ELSEVIER,0168-1923,1873-2240,FORESTRY,SCIE,28380,5.6,Q1,1.88,31.32%
Quantum Science and Technology,QUANTUM SCI TECHNOL,IOP Publishing Ltd,2058-9565,2058-9565,"PHYSICS, MULTIDISCIPLINARY",SCIE,3742,5.6,Q1,1.66,46.38%
INDUSTRIAL CROPS AND PRODUCTS,IND CROP PROD,ELSEVIER,0926-6690,1872-633X,AGRICULTURAL ENGINEERING,SCIE,56248,5.6,Q1,1.45,8.49%
INDUSTRIAL CROPS AND PRODUCTS,IND CROP PROD,ELSEVIER,0926-6690,1872-633X,AGRONOMY,SCIE,56248,5.6,Q1,1.45,8.49%
JOURNAL OF ENZYME INHIBITION AND MEDICINAL CHEMISTRY,J ENZYM INHIB MED CH,TAYLOR & FRANCIS LTD,1475-6366,1475-6374,BIOCHEMISTRY & MOLECULAR BIOLOGY,SCIE,9268,5.6,Q1,1.42,97.77%
JOURNAL OF EXPERIMENTAL BOTANY,J EXP BOT,OXFORD UNIV PRESS,0022-0957,1460-2431,PLANT SCIENCES,SCIE,62522,5.6,Q1,1.39,28.03%
FORTSCHRITTE DER PHYSIK-PROGRESS OF PHYSICS,FORTSCHR PHYS,WILEY-V C H VERLAG GMBH,0015-8208,1521-3978,"PHYSICS, MULTIDISCIPLINARY",SCIE,2694,5.6,Q1,1.26,22.62%
International Journal of Minerals Metallurgy and Materials,INT J MIN MET MATER,SPRINGER,1674-4799,1869-103X,"MATERIALS SCIENCE, MULTIDISCIPLINARY",SCIE,6898,5.6,Q2,1.18,1.67%
Rice Science,RICE SCI,ELSEVIER,1672-6308,1876-4762,AGRONOMY,SCIE,2185,5.6,Q1,1.15,97.78%
Rice Science,RICE SCI,ELSEVIER,1672-6308,1876-4762,PLANT SCIENCES,SCIE,2185,5.6,Q1,1.15,97.78%
Tungsten,TUNGSTEN-SINGAPORE,SPRINGERNATURE,2661-8028,2661-8036,"MATERIALS SCIENCE, MULTIDISCIPLINARY",ESCI,1043,5.6,Q2,0.71,4.27%
Essays in Biochemistry,ESSAYS BIOCHEM,PORTLAND PRESS LTD,0071-1365,1744-1358,BIOCHEMISTRY & MOLECULAR BIOLOGY,SCIE,5249,5.6,Q1,0.65,48.58%
HARMFUL ALGAE,HARMFUL ALGAE,ELSEVIER,1568-9883,1878-1470,MARINE & FRESHWATER BIOLOGY,SCIE,8567,5.5,Q1,2.1,39.94%
Molecular Ecology Resources,MOL ECOL RESOUR,WILEY,1755-098X,1755-0998,BIOCHEMISTRY & MOLECULAR BIOLOGY,SCIE,15125,5.5,Q1,1.49,39.36%
Molecular Ecology Resources,MOL ECOL RESOUR,WILEY,1755-098X,1755-0998,ECOLOGY,SCIE,15125,5.5,Q1,1.49,39.36%
Molecular Ecology Resources,MOL ECOL RESOUR,WILEY,1755-098X,1755-0998,EVOLUTIONARY BIOLOGY,SCIE,15125,5.5,Q1,1.49,39.36%
BIOMACROMOLECULES,BIOMACROMOLECULES,AMER CHEMICAL SOC,1525-7797,1526-4602,BIOCHEMISTRY & MOLECULAR BIOLOGY,SCIE,39295,5.5,Q1,1.32,14.84%
JOURNAL OF ENVIRONMENTAL ECONOMICS AND MANAGEMENT,J ENVIRON ECON MANAG,ACADEMIC PRESS INC ELSEVIER SCIENCE,0095-0696,1096-0449,ENVIRONMENTAL STUDIES,SSCI,10637,5.5,Q1,1.26,35.74%
Sustainable Chemistry and Pharmacy,SUSTAIN CHEM PHARM,ELSEVIER,N/A,2352-5541,ENVIRONMENTAL SCIENCES,SCIE,5073,5.5,Q1,1,7.99%
FEBS Journal,FEBS J,WILEY,1742-464X,1742-4658,BIOCHEMISTRY & MOLECULAR BIOLOGY,SCIE,24487,5.5,Q1,0.8,33.43%
Nanoscale Research Letters,NANOSCALE RES LETT,SPRINGER,1931-7573,1556-276X,"MATERIALS SCIENCE, MULTIDISCIPLINARY",SCIE,19618,5.5,Q2,0.8,99.31%
Carbon Letters,CARBON LETT,SPRINGER JAPAN KK,1976-4251,2233-4998,"MATERIALS SCIENCE, MULTIDISCIPLINARY",SCIE,3095,5.5,Q2,0.72,2.55%
PRECISION AGRICULTURE,PRECIS AGRIC,SPRINGER,1385-2256,1573-1618,"AGRICULTURE, MULTIDISCIPLINARY",SCIE,4935,5.4,Q1,1.88,33.23%
PHYSIOLOGIA PLANTARUM,PHYSIOL PLANTARUM,WILEY,0031-9317,1399-3054,PLANT SCIENCES,SCIE,19100,5.4,Q1,1.57,20.18%
PHILOSOPHICAL TRANSACTIONS OF THE ROYAL SOCIETY B-BIOLOGICAL SCIENCES,PHILOS T R SOC B,ROYAL SOC,0962-8436,1471-2970,BIOLOGY,SCIE,53916,5.4,Q1,1.45,49.68%
Communications Physics,COMMUN PHYS-UK,NATURE PORTFOLIO,2399-3650,2399-3650,"PHYSICS, MULTIDISCIPLINARY",SCIE,6354,5.4,Q1,1.43,99.89%
ECOGRAPHY,ECOGRAPHY,WILEY,0906-7590,1600-0587,BIODIVERSITY CONSERVATION,SCIE,16934,5.4,Q1,1.36,78.80%
ECOGRAPHY,ECOGRAPHY,WILEY,0906-7590,1600-0587,ECOLOGY,SCIE,16934,5.4,Q1,1.36,78.80%
npj Quantum Materials,NPJ QUANTUM MATER,NATURE PORTFOLIO,N/A,2397-4648,"MATERIALS SCIENCE, MULTIDISCIPLINARY",SCIE,3033,5.4,Q2,1.3,100.00%
Current Plant Biology,CURR PLANT BIOL,ELSEVIER,N/A,2214-6628,PLANT SCIENCES,ESCI,952,5.4,Q1,1.21,94.34%
GLOBAL BIOGEOCHEMICAL CYCLES,GLOBAL BIOGEOCHEM CY,AMER GEOPHYSICAL UNION,0886-6236,1944-9224,ENVIRONMENTAL SCIENCES,SCIE,16502,5.4,Q1,1.2,41.69%
Resources Conservation & Recycling Advances,RESOUR CONS RECY ADV,ELSEVIER,2667-3789,2667-3789,ENVIRONMENTAL SCIENCES,ESCI,449,5.4,Q1,1.05,96.30%
GIANT,GIANT-AMSTERDAM,ELSEVIER,2666-5425,2666-5425,"MATERIALS SCIENCE, MULTIDISCIPLINARY",ESCI,772,5.4,Q2,0.98,96.59%
ACS Applied Energy Materials,ACS APPL ENERG MATER,AMER CHEMICAL SOC,2574-0962,N/A,"MATERIALS SCIENCE, MULTIDISCIPLINARY",SCIE,39507,5.4,Q2,0.93,6.43%
Environmental and Sustainability Indicators,ENVIRON SUSTAIN IND,ELSEVIER,2665-9727,2665-9727,ENVIRONMENTAL SCIENCES,ESCI,1190,5.4,Q1,0.88,96.86%
Environmental and Sustainability Indicators,ENVIRON SUSTAIN IND,ELSEVIER,2665-9727,2665-9727,ENVIRONMENTAL STUDIES,ESCI,1190,5.4,Q1,0.88,96.86%
Journal of Hazardous Materials Advances,J HAZARD MATER ADV,ELSEVIER,2772-4166,2772-4166,ENVIRONMENTAL SCIENCES,ESCI,1477,5.4,Q1,0.74,97.89%
Journal of Power Sources Advances,J POWER SOURCE ADV,ELSEVIER,N/A,2666-2485,"MATERIALS SCIENCE, MULTIDISCIPLINARY",ESCI,341,5.4,Q2,0.73,100.00%
CHAOS SOLITONS & FRACTALS,CHAOS SOLITON FRACT,PERGAMON-ELSEVIER SCIENCE LTD,0960-0779,1873-2887,"MATHEMATICS, INTERDISCIPLINARY APPLICATIONS",SCIE,32102,5.3,Q1,2.27,6.62%
CHAOS SOLITONS & FRACTALS,CHAOS SOLITON FRACT,PERGAMON-ELSEVIER SCIENCE LTD,0960-0779,1873-2887,"PHYSICS, MULTIDISCIPLINARY",SCIE,32102,5.3,Q1,2.27,6.62%
CLIMATE POLICY,CLIM POLICY,TAYLOR & FRANCIS LTD,1469-3062,1752-7457,ENVIRONMENTAL STUDIES,SSCI,5194,5.3,Q1,1.67,43.05%
Marine Pollution Bulletin,MAR POLLUT BULL,PERGAMON-ELSEVIER SCIENCE LTD,0025-326X,1879-3363,ENVIRONMENTAL SCIENCES,SCIE,62356,5.3,Q1,1.49,19.96%
Marine Pollution Bulletin,MAR POLLUT BULL,PERGAMON-ELSEVIER SCIENCE LTD,0025-326X,1879-3363,MARINE & FRESHWATER BIOLOGY,SCIE,62356,5.3,Q1,1.49,19.96%
Autism Research,AUTISM RES,WILEY,1939-3792,1939-3806,BEHAVIORAL SCIENCES,SCIE,7746,5.3,Q1,1.42,29.61%
MULTIVARIATE BEHAVIORAL RESEARCH,MULTIVAR BEHAV RES,"ROUTLEDGE JOURNALS, TAYLOR & FRANCIS LTD",0027-3171,1532-7906,"MATHEMATICS, INTERDISCIPLINARY APPLICATIONS",SCIE,9292,5.3,Q1,1.39,22.60%
Earth Systems and Environment,EARTH SYST ENVIRON,SPRINGER INT PUBL AG,2509-9426,2509-9434,ENVIRONMENTAL SCIENCES,ESCI,1591,5.3,Q1,1.36,28.40%
JOURNAL OF ECOLOGY,J ECOL,WILEY,0022-0477,1365-2745,ECOLOGY,SCIE,24342,5.3,Q1,1.36,44.34%
JOURNAL OF ECOLOGY,J ECOL,WILEY,0022-0477,1365-2745,PLANT SCIENCES,SCIE,24342,5.3,Q1,1.36,44.34%
Emerging Contaminants,EMERG CONTAM,KEAI PUBLISHING LTD,2405-6650,2405-6642,ENVIRONMENTAL SCIENCES,ESCI,1245,5.3,Q1,1.25,98.02%
Environmental Health,ENVIRON HEALTH-GLOB,BMC,N/A,1476-069X,ENVIRONMENTAL SCIENCES,SCIE,8601,5.3,Q1,1.2,100.00%
APPLIED CLAY SCIENCE,APPL CLAY SCI,ELSEVIER,0169-1317,1872-9053,"MATERIALS SCIENCE, MULTIDISCIPLINARY",SCIE,24418,5.3,Q2,1.19,15.19%
CELL BIOLOGY AND TOXICOLOGY,CELL BIOL TOXICOL,SPRINGER,0742-2091,1573-6822,CELL BIOLOGY,SCIE,3242,5.3,Q2,1.13,23.23%
CELL BIOLOGY AND TOXICOLOGY,CELL BIOL TOXICOL,SPRINGER,0742-2091,1573-6822,TOXICOLOGY,SCIE,3242,5.3,Q1,1.13,23.23%
PLANT CELL REPORTS,PLANT CELL REP,SPRINGER,0721-7714,1432-203X,PLANT SCIENCES,SCIE,12100,5.3,Q1,1.13,7.26%
WEAR,WEAR,ELSEVIER SCIENCE SA,0043-1648,1873-2577,"MATERIALS SCIENCE, MULTIDISCIPLINARY",SCIE,37288,5.3,Q2,1.13,15.66%
SCRIPTA MATERIALIA,SCRIPTA MATER,PERGAMON-ELSEVIER SCIENCE LTD,1359-6462,1872-8456,"MATERIALS SCIENCE, MULTIDISCIPLINARY",SCIE,46654,5.3,Q2,1.1,25.00%
APL Materials,APL MATER,AIP Publishing,2166-532X,2166-532X,"MATERIALS SCIENCE, MULTIDISCIPLINARY",SCIE,10414,5.3,Q2,1.03,92.31%
MATERIALS RESEARCH BULLETIN,MATER RES BULL,PERGAMON-ELSEVIER SCIENCE LTD,0025-5408,1873-4227,"MATERIALS SCIENCE, MULTIDISCIPLINARY",SCIE,26729,5.3,Q2,1.03,4.50%
MECHANISMS OF AGEING AND DEVELOPMENT,MECH AGEING DEV,ELSEVIER IRELAND LTD,0047-6374,1872-6216,CELL BIOLOGY,SCIE,7521,5.3,Q2,1.03,32.75%
Advanced Electronic Materials,ADV ELECTRON MATER,WILEY,2199-160X,2199-160X,"MATERIALS SCIENCE, MULTIDISCIPLINARY",SCIE,15877,5.3,Q2,0.9,47.14%
ACS Applied Nano Materials,ACS APPL NANO MATER,AMER CHEMICAL SOC,N/A,2574-0970,"MATERIALS SCIENCE, MULTIDISCIPLINARY",SCIE,36563,5.3,Q2,0.85,6.01%
Cleaner Engineering and Technology,CLEAN ENG TECHNOL,ELSEVIER,2666-7908,2666-7908,ENVIRONMENTAL SCIENCES,ESCI,3442,5.3,Q1,0.7,96.97%
Skeletal Muscle,SKELET MUSCLE,BMC,2044-5040,2044-5040,CELL BIOLOGY,SCIE,1768,5.3,Q2,0.69,100.00%
Journal of Molecular Cell Biology,J MOL CELL BIOL,OXFORD UNIV PRESS,1674-2788,1759-4685,CELL BIOLOGY,SCIE,3467,5.3,Q2,0.65,93.71%
ENVIRONMENTAL POLITICS,ENVIRON POLIT,"ROUTLEDGE JOURNALS, TAYLOR & FRANCIS LTD",0964-4016,1743-8934,ENVIRONMENTAL STUDIES,SSCI,4621,5.2,Q1,1.67,51.93%
Chemical and Biological Technologies in Agriculture,CHEM BIOL TECHNOL AG,SPRINGER,N/A,2196-5641,"AGRICULTURE, MULTIDISCIPLINARY",SCIE,2021,5.2,Q1,1.65,100.00%
Communications Biology,COMMUN BIOL,NATURE PORTFOLIO,N/A,2399-3642,BIOLOGY,SCIE,23626,5.2,Q1,1.5,99.79%
CONSERVATION BIOLOGY,CONSERV BIOL,WILEY,0888-8892,1523-1739,BIODIVERSITY CONSERVATION,SCIE,22083,5.2,Q1,1.33,50.72%
CONSERVATION BIOLOGY,CONSERV BIOL,WILEY,0888-8892,1523-1739,ECOLOGY,SCIE,22083,5.2,Q1,1.33,50.72%
CONSERVATION BIOLOGY,CONSERV BIOL,WILEY,0888-8892,1523-1739,ENVIRONMENTAL SCIENCES,SCIE,22083,5.2,Q1,1.33,50.72%
ENVIRONMENT AND BEHAVIOR,ENVIRON BEHAV,SAGE PUBLICATIONS INC,0013-9165,1552-390X,ENVIRONMENTAL STUDIES,SSCI,8193,5.2,Q1,1.31,31.34%
ATMOSPHERIC CHEMISTRY AND PHYSICS,ATMOS CHEM PHYS,COPERNICUS GESELLSCHAFT MBH,1680-7316,1680-7324,ENVIRONMENTAL SCIENCES,SCIE,62097,5.2,Q1,1.23,99.79%
Sustainability Accounting Management and Policy Journal,SUSTAIN ACCOUNT MANA,EMERALD GROUP PUBLISHING LTD,2040-8021,2040-803X,ENVIRONMENTAL STUDIES,SSCI,2105,5.2,Q1,1.2,15.38%
AMYLOID-JOURNAL OF PROTEIN FOLDING DISORDERS,AMYLOID,TAYLOR & FRANCIS LTD,1350-6129,1744-2818,BIOCHEMISTRY & MOLECULAR BIOLOGY,SCIE,2221,5.2,Q1,1.18,31.25%
REDOX REPORT,REDOX REP,TAYLOR & FRANCIS LTD,1351-0002,1743-2928,BIOCHEMISTRY & MOLECULAR BIOLOGY,SCIE,2104,5.2,Q1,0.96,100.00%
Materials Advances,MATER ADV,ROYAL SOC CHEMISTRY,N/A,2633-5409,"MATERIALS SCIENCE, MULTIDISCIPLINARY",ESCI,9251,5.2,Q2,0.64,99.34%
Limnology and Oceanography Letters,LIMNOL OCEANOGR LETT,WILEY,N/A,2378-2242,OCEANOGRAPHY,SCIE,1785,5.1,Q1,1.81,79.49%
Quantum,QUANTUM-AUSTRIA,VEREIN FORDERUNG OPEN ACCESS PUBLIZIERENS QUANTENWISSENSCHAF,2521-327X,2521-327X,"PHYSICS, MULTIDISCIPLINARY",SCIE,6251,5.1,Q1,1.27,43.45%
Function,FUNCTION,OXFORD UNIV PRESS,N/A,2633-8823,CELL BIOLOGY,ESCI,486,5.1,Q2,1.24,99.13%
ISME Communications,ISME COMMUN,SPRINGERNATURE,N/A,2730-6151,ECOLOGY,ESCI,1154,5.1,Q1,1.23,98.20%
Water Biology and Security,WATER BIOL SECUR,KEAI PUBLISHING LTD,N/A,2772-7351,ENVIRONMENTAL SCIENCES,ESCI,250,5.1,Q1,1.2,98.81%
Water Biology and Security,WATER BIOL SECUR,KEAI PUBLISHING LTD,N/A,2772-7351,MARINE & FRESHWATER BIOLOGY,ESCI,250,5.1,Q1,1.2,98.81%
Food & Function,FOOD FUNCT,ROYAL SOC CHEMISTRY,2042-6496,2042-650X,BIOCHEMISTRY & MOLECULAR BIOLOGY,SCIE,33554,5.1,Q1,1.1,9.42%
Tissue Engineering Part B-Reviews,TISSUE ENG PART B-RE,"MARY ANN LIEBERT, INC",1937-3368,1937-3376,CELL BIOLOGY,SCIE,4807,5.1,Q2,1.09,11.11%
BULLETIN OF THE AMERICAN MUSEUM OF NATURAL HISTORY,B AM MUS NAT HIST,AMER MUSEUM NATURAL HISTORY,0003-0090,1937-3546,BIODIVERSITY CONSERVATION,SCIE,2560,5.1,Q1,1.03,0.00%
BULLETIN OF THE AMERICAN MUSEUM OF NATURAL HISTORY,B AM MUS NAT HIST,AMER MUSEUM NATURAL HISTORY,0003-0090,1937-3546,ECOLOGY,SCIE,2560,5.1,Q1,1.03,0.00%
Sustainability Science,SUSTAIN SCI,SPRINGER JAPAN KK,1862-4065,1862-4057,ENVIRONMENTAL SCIENCES,SCIE,7095,5.1,Q1,0.94,66.67%
Batteries & Supercaps,BATTERIES SUPERCAPS,WILEY-V C H VERLAG GMBH,N/A,2566-6223,"MATERIALS SCIENCE, MULTIDISCIPLINARY",SCIE,3752,5.1,Q2,0.74,36.08%
Cells,CELLS-BASEL,MDPI,N/A,2073-4409,CELL BIOLOGY,SCIE,77290,5.1,Q2,0.67,99.55%
Research Synthesis Methods,RES SYNTH METHODS,WILEY,1759-2879,1759-2887,MULTIDISCIPLINARY SCIENCES,SCIE,6955,5,Q1,2.08,51.67%
JOURNAL OF APPLIED ECOLOGY,J APPL ECOL,WILEY,0021-8901,1365-2664,BIODIVERSITY CONSERVATION,SCIE,25150,5,Q1,1.33,46.06%
JOURNAL OF APPLIED ECOLOGY,J APPL ECOL,WILEY,0021-8901,1365-2664,ECOLOGY,SCIE,25150,5,Q1,1.33,46.06%
Journal of Geovisualization and Spatial Analysis,J GEOVIS SPAT ANAL,SPRINGERNATURE,2509-8810,2509-8829,ENVIRONMENTAL SCIENCES,ESCI,558,5,Q1,1.28,20.22%
PROGRESS IN PLANNING,PROG PLANN,PERGAMON-ELSEVIER SCIENCE LTD,0305-9006,1873-4510,ENVIRONMENTAL STUDIES,SSCI,1220,5,Q1,1.23,27.03%
AMERICAN JOURNAL OF PHYSIOLOGY-CELL PHYSIOLOGY,AM J PHYSIOL-CELL PH,AMER PHYSIOLOGICAL SOC,0363-6143,1522-1563,CELL BIOLOGY,SCIE,17341,5,Q2,1.15,7.15%
JOURNAL OF LIPID RESEARCH,J LIPID RES,ELSEVIER,0022-2275,1539-7262,BIOCHEMISTRY & MOLECULAR BIOLOGY,SCIE,23917,5,Q1,1.05,96.40%
JOURNAL OF THE MECHANICS AND PHYSICS OF SOLIDS,J MECH PHYS SOLIDS,PERGAMON-ELSEVIER SCIENCE LTD,0022-5096,1873-4782,"MATERIALS SCIENCE, MULTIDISCIPLINARY",SCIE,26175,5,Q2,1.03,39.20%
BIOFACTORS,BIOFACTORS,WILEY,0951-6433,1872-8081,BIOCHEMISTRY & MOLECULAR BIOLOGY,SCIE,5517,5,Q1,0.87,18.68%
Sustainable Energy & Fuels,SUSTAIN ENERG FUELS,ROYAL SOC CHEMISTRY,2398-4902,2398-4902,"MATERIALS SCIENCE, MULTIDISCIPLINARY",SCIE,13288,5,Q2,0.76,14.79%
ENVIRONMENT,ENVIRONMENT,"ROUTLEDGE JOURNALS, TAYLOR & FRANCIS LTD",0013-9157,1939-9154,ENVIRONMENTAL SCIENCES,SCIE,1411,5,Q1,0.48,31.58%
ENVIRONMENT,ENVIRONMENT,"ROUTLEDGE JOURNALS, TAYLOR & FRANCIS LTD",0013-9157,1939-9154,ENVIRONMENTAL STUDIES,SSCI,1411,5,Q1,0.48,31.58%
Current Opinion in Behavioral Sciences,CURR OPIN BEHAV SCI,ELSEVIER,2352-1546,2352-1554,BEHAVIORAL SCIENCES,SCIE,5707,4.9,Q1,1.36,42.20%
BIOLOGICAL CONSERVATION,BIOL CONSERV,ELSEVIER SCI LTD,0006-3207,1873-2917,BIODIVERSITY CONSERVATION,SCIE,38523,4.9,Q1,1.32,43.46%
BIOLOGICAL CONSERVATION,BIOL CONSERV,ELSEVIER SCI LTD,0006-3207,1873-2917,ECOLOGY,SCIE,38523,4.9,Q1,1.32,43.46%
BIOLOGICAL CONSERVATION,BIOL CONSERV,ELSEVIER SCI LTD,0006-3207,1873-2917,ENVIRONMENTAL SCIENCES,SCIE,38523,4.9,Q1,1.32,43.46%
CELLULAR ONCOLOGY,CELL ONCOL,SPRINGER,2211-3428,2211-3436,CELL BIOLOGY,SCIE,3142,4.9,Q2,1.17,29.94%
JOURNAL OF MOLECULAR AND CELLULAR CARDIOLOGY,J MOL CELL CARDIOL,ELSEVIER SCI LTD,0022-2828,1095-8584,CELL BIOLOGY,SCIE,14266,4.9,Q2,1.07,32.99%
ENVIRONMENTAL SCIENCE & POLICY,ENVIRON SCI POLICY,ELSEVIER SCI LTD,1462-9011,1873-6416,ENVIRONMENTAL SCIENCES,SCIE,15142,4.9,Q1,1,45.61%
Groundwater for Sustainable Development,GROUNDWATER SUST DEV,ELSEVIER,2352-801X,2352-801X,ENVIRONMENTAL SCIENCES,ESCI,4921,4.9,Q1,0.98,10.83%
Bayesian Analysis,BAYESIAN ANAL,INT SOC BAYESIAN ANALYSIS,1931-6690,1936-0975,"MATHEMATICS, INTERDISCIPLINARY APPLICATIONS",SCIE,2900,4.9,Q1,0.88,99.26%
JOURNAL OF INDUSTRIAL ECOLOGY,J IND ECOL,WILEY,1088-1980,1530-9290,ENVIRONMENTAL SCIENCES,SCIE,8729,4.9,Q1,0.79,51.06%
INTERNATIONAL JOURNAL OF MOLECULAR SCIENCES,INT J MOL SCI,MDPI,1661-6596,1422-0067,BIOCHEMISTRY & MOLECULAR BIOLOGY,SCIE,346651,4.9,Q1,0.71,99.66%
INTERNATIONAL JOURNAL OF LIFE CYCLE ASSESSMENT,INT J LIFE CYCLE ASS,SPRINGER HEIDELBERG,0948-3349,1614-7502,ENVIRONMENTAL SCIENCES,SCIE,10540,4.9,Q1,0.65,50.27%
Journal of Physics-Materials,J PHYS-MATER,IOP Publishing Ltd,N/A,2515-7639,"MATERIALS SCIENCE, MULTIDISCIPLINARY",SCIE,1593,4.9,Q2,0.63,97.88%
Rice,RICE,SPRINGER,1939-8425,1939-8433,AGRONOMY,SCIE,4043,4.8,Q1,1.56,99.56%
JOURNAL OF ETHNOPHARMACOLOGY,J ETHNOPHARMACOL,ELSEVIER IRELAND LTD,0378-8741,1872-7573,PLANT SCIENCES,SCIE,52832,4.8,Q1,1.42,11.39%
OCEAN & COASTAL MANAGEMENT,OCEAN COAST MANAGE,ELSEVIER SCI LTD,0964-5691,1873-524X,OCEANOGRAPHY,SCIE,13130,4.8,Q1,1.42,22.37%
MOLECULAR PLANT PATHOLOGY,MOL PLANT PATHOL,WILEY,1464-6722,1364-3703,PLANT SCIENCES,SCIE,10573,4.8,Q1,1.34,65.07%
TOXICOLOGY,TOXICOLOGY,ELSEVIER IRELAND LTD,0300-483X,1879-3185,TOXICOLOGY,SCIE,14190,4.8,Q1,1.27,18.52%
ARCHIVES OF TOXICOLOGY,ARCH TOXICOL,SPRINGER HEIDELBERG,0340-5761,1432-0738,TOXICOLOGY,SCIE,14083,4.8,Q1,1.23,45.57%
Journal of Agriculture and Food Research,J AGR FOOD RES,ELSEVIER,2666-1543,2666-1543,"AGRICULTURE, MULTIDISCIPLINARY",ESCI,2698,4.8,Q1,1.22,93.29%
BIOELECTROCHEMISTRY,BIOELECTROCHEMISTRY,ELSEVIER SCIENCE SA,1567-5394,1878-562X,BIOCHEMISTRY & MOLECULAR BIOLOGY,SCIE,7313,4.8,Q1,1.16,19.21%
BIOELECTROCHEMISTRY,BIOELECTROCHEMISTRY,ELSEVIER SCIENCE SA,1567-5394,1878-562X,BIOLOGY,SCIE,7313,4.8,Q1,1.16,19.21%
MATERIALS CHARACTERIZATION,MATER CHARACT,ELSEVIER SCIENCE INC,1044-5803,1873-4189,"MATERIALS SCIENCE, MULTIDISCIPLINARY",SCIE,27366,4.8,Q2,1.14,10.65%
Matter and Radiation at Extremes,MATTER RADIAT EXTREM,AIP Publishing,2468-2047,2468-080X,"PHYSICS, MULTIDISCIPLINARY",SCIE,1286,4.8,Q1,1.14,92.11%
JOURNAL OF NUTRITIONAL BIOCHEMISTRY,J NUTR BIOCHEM,ELSEVIER SCIENCE INC,0955-2863,1873-4847,BIOCHEMISTRY & MOLECULAR BIOLOGY,SCIE,13711,4.8,Q1,1.1,23.29%
Climate Risk Management,CLIM RISK MANAG,ELSEVIER,2212-0963,2212-0963,ENVIRONMENTAL SCIENCES,SCIE,2546,4.8,Q1,1.05,98.02%
Climate Risk Management,CLIM RISK MANAG,ELSEVIER,2212-0963,2212-0963,ENVIRONMENTAL STUDIES,SSCI,2546,4.8,Q1,1.05,98.02%
ACS ES&T Water,ACS EST WATER,AMER CHEMICAL SOC,N/A,2690-0637,ENVIRONMENTAL SCIENCES,ESCI,3038,4.8,Q1,1.04,10.47%
Journal of Physical Chemistry Letters,J PHYS CHEM LETT,AMER CHEMICAL SOC,1948-7185,N/A,"MATERIALS SCIENCE, MULTIDISCIPLINARY",SCIE,69320,4.8,Q2,1.02,10.03%
CLIMATIC CHANGE,CLIMATIC CHANGE,SPRINGER,0165-0009,1573-1480,ENVIRONMENTAL SCIENCES,SCIE,24341,4.8,Q1,0.93,45.53%
ENVIRONMENTAL MODELLING & SOFTWARE,ENVIRON MODELL SOFTW,ELSEVIER SCI LTD,1364-8152,1873-6726,ENVIRONMENTAL SCIENCES,SCIE,17357,4.8,Q1,0.91,47.15%
Liquid Crystals Reviews,LIQ CRYST REV,TAYLOR & FRANCIS LTD,2168-0396,2168-0418,"MATERIALS SCIENCE, MULTIDISCIPLINARY",SCIE,363,4.8,Q2,0.84,0.00%
Microporous and Mesoporous Materials,MICROPOR MESOPOR MAT,ELSEVIER,1387-1811,1873-3093,"MATERIALS SCIENCE, MULTIDISCIPLINARY",SCIE,34011,4.8,Q2,0.8,12.21%
Biomolecules,BIOMOLECULES,MDPI,N/A,2218-273X,BIOCHEMISTRY & MOLECULAR BIOLOGY,SCIE,38384,4.8,Q1,0.79,99.63%
INFLAMMATION RESEARCH,INFLAMM RES,SPRINGER BASEL AG,1023-3830,1420-908X,CELL BIOLOGY,SCIE,6476,4.8,Q2,0.79,17.12%
Progress in Natural Science-Materials International,PROG NAT SCI-MATER,ELSEVIER SCIENCE INC,1002-0071,1745-5391,"MATERIALS SCIENCE, MULTIDISCIPLINARY",SCIE,6995,4.8,Q2,0.74,84.03%
Business Strategy and Development,BUS STRATEGY DEV,WILEY,N/A,2572-3170,ENVIRONMENTAL STUDIES,ESCI,738,4.8,Q1,0.67,18.67%
Emergent Materials,EMERGENT MATER,SPRINGERNATURE,2522-5731,2522-574X,"MATERIALS SCIENCE, MULTIDISCIPLINARY",ESCI,1978,4.8,Q2,0.52,15.24%
SYSTEMATIC ENTOMOLOGY,SYST ENTOMOL,WILEY,0307-6970,1365-3113,EVOLUTIONARY BIOLOGY,SCIE,3138,4.7,Q1,1.84,28.99%
Plant Methods,PLANT METHODS,BMC,N/A,1746-4811,PLANT SCIENCES,SCIE,6627,4.7,Q1,1.24,99.52%
Behavioral and Brain Functions,BEHAV BRAIN FUNCT,BMC,N/A,1744-9081,BEHAVIORAL SCIENCES,SCIE,1588,4.7,Q1,1.16,100.00%
CHEMICO-BIOLOGICAL INTERACTIONS,CHEM-BIOL INTERACT,ELSEVIER IRELAND LTD,0009-2797,1872-7786,BIOCHEMISTRY & MOLECULAR BIOLOGY,SCIE,17009,4.7,Q1,1.16,11.70%
CHEMICO-BIOLOGICAL INTERACTIONS,CHEM-BIOL INTERACT,ELSEVIER IRELAND LTD,0009-2797,1872-7786,TOXICOLOGY,SCIE,17009,4.7,Q1,1.16,11.70%
BIOINORGANIC CHEMISTRY AND APPLICATIONS,BIOINORG CHEM APPL,HINDAWI LTD,1565-3633,1687-479X,BIOCHEMISTRY & MOLECULAR BIOLOGY,SCIE,2327,4.7,Q1,1.09,99.48%
JOURNAL OF MOLECULAR BIOLOGY,J MOL BIOL,ACADEMIC PRESS LTD- ELSEVIER SCIENCE LTD,0022-2836,1089-8638,BIOCHEMISTRY & MOLECULAR BIOLOGY,SCIE,54235,4.7,Q1,0.93,44.75%
Environmental Development,ENVIRON DEV,ELSEVIER,2211-4645,2211-4653,ENVIRONMENTAL SCIENCES,SCIE,2917,4.7,Q2,0.87,21.32%
Elementa-Science of the Anthropocene,ELEMENTA-SCI ANTHROP,UNIV CALIFORNIA PRESS,2325-1026,2325-1026,ENVIRONMENTAL SCIENCES,SCIE,3096,4.7,Q2,0.85,99.02%
APPLIED CATALYSIS A-GENERAL,APPL CATAL A-GEN,ELSEVIER,0926-860X,1873-3875,ENVIRONMENTAL SCIENCES,SCIE,35623,4.7,Q2,0.83,14.98%
ENVIRONMENT DEVELOPMENT AND SUSTAINABILITY,ENVIRON DEV SUSTAIN,SPRINGER,1387-585X,1573-2975,ENVIRONMENTAL SCIENCES,SCIE,16812,4.7,Q2,0.8,10.22%
NanoImpact,NANOIMPACT,ELSEVIER,2452-0748,2452-0748,ENVIRONMENTAL SCIENCES,SCIE,1869,4.7,Q2,0.78,40.10%
Acta Ecologica Sinica,ACTA ECOL SINICA,ELSEVIER,1872-2032,1872-2032,ECOLOGY,ESCI,3592,4.7,Q1,0.77,1.56%
Journal of Sustainable Cement-Based Materials,J SUSTAIN CEM-BASED,TAYLOR & FRANCIS LTD,2165-0373,2165-0381,"MATERIALS SCIENCE, MULTIDISCIPLINARY",SCIE,1531,4.7,Q2,0.72,2.11%
Journal of Zhejiang University-SCIENCE B,J ZHEJIANG UNIV-SC B,ZHEJIANG UNIV PRESS,1673-1581,1862-1783,BIOCHEMISTRY & MOLECULAR BIOLOGY,SCIE,4265,4.7,Q1,0.72,3.03%
SciPost Physics,SCIPOST PHYS,SCIPOST FOUNDATION,2542-4653,2542-4653,"PHYSICS, MULTIDISCIPLINARY",SCIE,5996,4.6,Q1,1.53,97.32%
Journal of Integrative Agriculture,J INTEGR AGR,ELSEVIER SCI LTD,2095-3119,2352-3425,"AGRICULTURE, MULTIDISCIPLINARY",SCIE,10679,4.6,Q1,1.45,99.53%
APPETITE,APPETITE,ACADEMIC PRESS LTD- ELSEVIER SCIENCE LTD,0195-6663,1095-8304,BEHAVIORAL SCIENCES,SCIE,24413,4.6,Q1,1.42,36.15%
CHINESE JOURNAL OF PHYSICS,CHINESE J PHYS,ELSEVIER,0577-9073,0577-9073,"PHYSICS, MULTIDISCIPLINARY",SCIE,7053,4.6,Q1,1.39,1.29%
Plant Diversity,PLANT DIVERSITY,KEAI PUBLISHING LTD,2096-2703,2468-2659,PLANT SCIENCES,SCIE,1525,4.6,Q1,1.39,99.45%
Ocean Engineering,OCEAN ENG,PERGAMON-ELSEVIER SCIENCE LTD,0029-8018,1873-5258,OCEANOGRAPHY,SCIE,53367,4.6,Q1,1.33,12.08%
DIVERSITY AND DISTRIBUTIONS,DIVERS DISTRIB,WILEY,1366-9516,1472-4642,BIODIVERSITY CONSERVATION,SCIE,11735,4.6,Q1,1.28,74.79%
DIVERSITY AND DISTRIBUTIONS,DIVERS DISTRIB,WILEY,1366-9516,1472-4642,ECOLOGY,SCIE,11735,4.6,Q1,1.28,74.79%
Environment and Planning A-Economy and Space,ENVIRON PLANN A,SAGE PUBLICATIONS INC,0308-518X,1472-3409,ENVIRONMENTAL STUDIES,SSCI,11306,4.6,Q1,1.25,45.71%
FUNCTIONAL ECOLOGY,FUNCT ECOL,WILEY,0269-8463,1365-2435,ECOLOGY,SCIE,20482,4.6,Q1,1.25,36.84%
WATER RESOURCES RESEARCH,WATER RESOUR RES,AMER GEOPHYSICAL UNION,0043-1397,1944-7973,ENVIRONMENTAL SCIENCES,SCIE,64158,4.6,Q2,1.22,36.00%
Journal of Ecohydraulics,J ECOHYDRAULICS,TAYLOR & FRANCIS LTD,2470-5357,2470-5365,ENVIRONMENTAL SCIENCES,ESCI,279,4.6,Q2,1.18,17.78%
INFLAMMOPHARMACOLOGY,INFLAMMOPHARMACOLOGY,SPRINGER BASEL AG,0925-4692,1568-5608,TOXICOLOGY,SCIE,4979,4.6,Q1,1.07,20.93%
Management of Environmental Quality,MANAG ENVIRON QUAL,EMERALD GROUP PUBLISHING LTD,1477-7835,1758-6119,ENVIRONMENTAL STUDIES,ESCI,2806,4.6,Q1,1.03,0.78%
iScience,ISCIENCE,CELL PRESS,N/A,2589-0042,MULTIDISCIPLINARY SCIENCES,SCIE,29395,4.6,Q1,1.02,93.78%
GENE THERAPY,GENE THER,SPRINGERNATURE,0969-7128,1476-5462,BIOCHEMISTRY & MOLECULAR BIOLOGY,SCIE,6684,4.6,Q1,0.98,43.01%
Ecological Processes,ECOL PROCESS,SPRINGER,N/A,2192-1709,ECOLOGY,SCIE,2178,4.6,Q1,0.95,100.00%
Ecological Processes,ECOL PROCESS,SPRINGER,N/A,2192-1709,ENVIRONMENTAL SCIENCES,SCIE,2178,4.6,Q2,0.95,100.00%
Frontiers in Cell and Developmental Biology,FRONT CELL DEV BIOL,FRONTIERS MEDIA SA,2296-634X,2296-634X,CELL BIOLOGY,SCIE,46541,4.6,Q2,0.85,99.06%
Frontiers in Cell and Developmental Biology,FRONT CELL DEV BIOL,FRONTIERS MEDIA SA,2296-634X,2296-634X,DEVELOPMENTAL BIOLOGY,SCIE,46541,4.6,Q1,0.85,99.06%
Global Sustainability,GLOB SUSTAIN,CAMBRIDGE UNIV PRESS,N/A,2059-4798,ENVIRONMENTAL SCIENCES,ESCI,827,4.6,Q2,0.82,100.00%
Global Sustainability,GLOB SUSTAIN,CAMBRIDGE UNIV PRESS,N/A,2059-4798,ENVIRONMENTAL STUDIES,ESCI,827,4.6,Q1,0.82,100.00%
Sustainable Environment Research,SUSTAIN ENVIRON RES,BMC,2468-2039,2468-2039,ENVIRONMENTAL SCIENCES,SCIE,1782,4.6,Q2,0.75,100.00%
BIOCHIMICA ET BIOPHYSICA ACTA-MOLECULAR CELL RESEARCH,BBA-MOL CELL RES,ELSEVIER,0167-4889,1879-2596,BIOCHEMISTRY & MOLECULAR BIOLOGY,SCIE,17409,4.6,Q1,0.71,69.32%
BIOCHIMICA ET BIOPHYSICA ACTA-MOLECULAR CELL RESEARCH,BBA-MOL CELL RES,ELSEVIER,0167-4889,1879-2596,CELL BIOLOGY,SCIE,17409,4.6,Q2,0.71,69.32%
Batteries-Basel,BATTERIES-BASEL,MDPI,N/A,2313-0105,"MATERIALS SCIENCE, MULTIDISCIPLINARY",SCIE,4157,4.6,Q2,0.65,99.79%
aBIOTECH,ABIOTECH,SPRINGERNATURE,2096-6326,2662-1738,PLANT SCIENCES,ESCI,379,4.6,Q1,0.63,65.48%
Nanoscale Advances,NANOSCALE ADV,ROYAL SOC CHEMISTRY,2516-0230,2516-0230,"MATERIALS SCIENCE, MULTIDISCIPLINARY",SCIE,11188,4.6,Q2,0.61,99.25%
EUROPEAN JOURNAL OF AGRONOMY,EUR J AGRON,ELSEVIER,1161-0301,1873-7331,AGRONOMY,SCIE,11203,4.5,Q1,1.65,27.06%
ENVIRONMENTAL AND EXPERIMENTAL BOTANY,ENVIRON EXP BOT,PERGAMON-ELSEVIER SCIENCE LTD,0098-8472,1873-7307,ENVIRONMENTAL SCIENCES,SCIE,18324,4.5,Q2,1.17,12.42%
ENVIRONMENTAL AND EXPERIMENTAL BOTANY,ENVIRON EXP BOT,PERGAMON-ELSEVIER SCIENCE LTD,0098-8472,1873-7307,PLANT SCIENCES,SCIE,18324,4.5,Q1,1.17,12.42%
BIOORGANIC CHEMISTRY,BIOORG CHEM,ACADEMIC PRESS INC ELSEVIER SCIENCE,0045-2068,1090-2120,BIOCHEMISTRY & MOLECULAR BIOLOGY,SCIE,21018,4.5,Q1,1.15,6.00%
MOLECULAR ECOLOGY,MOL ECOL,WILEY,0962-1083,1365-294X,BIOCHEMISTRY & MOLECULAR BIOLOGY,SCIE,38480,4.5,Q1,1.15,41.56%
MOLECULAR ECOLOGY,MOL ECOL,WILEY,0962-1083,1365-294X,ECOLOGY,SCIE,38480,4.5,Q1,1.15,41.56%
MOLECULAR ECOLOGY,MOL ECOL,WILEY,0962-1083,1365-294X,EVOLUTIONARY BIOLOGY,SCIE,38480,4.5,Q1,1.15,41.56%
GM Crops & Food-Biotechnology in Agriculture and the Food Chain,GM CROPS FOOD,TAYLOR & FRANCIS AS,2164-5698,2164-5701,PLANT SCIENCES,SCIE,760,4.5,Q1,1.11,100.00%
PROTEIN SCIENCE,PROTEIN SCI,WILEY,0961-8368,1469-896X,BIOCHEMISTRY & MOLECULAR BIOLOGY,SCIE,19269,4.5,Q1,1.1,47.07%
AGRICULTURAL ECONOMICS,AGR ECON-BLACKWELL,WILEY,0169-5150,1574-0862,AGRICULTURAL ECONOMICS & POLICY,SCIE,5262,4.5,Q1,1.04,38.83%
MATRIX BIOLOGY,MATRIX BIOL,ELSEVIER,0945-053X,1569-1802,BIOCHEMISTRY & MOLECULAR BIOLOGY,SCIE,8291,4.5,Q1,1.04,46.70%
MATRIX BIOLOGY,MATRIX BIOL,ELSEVIER,0945-053X,1569-1802,CELL BIOLOGY,SCIE,8291,4.5,Q2,1.04,46.70%
Soil Ecology Letters,SOIL ECOL LETT,SPRINGERNATURE,2662-2289,2662-2297,ECOLOGY,ESCI,648,4.5,Q1,1.01,6.61%
JOURNAL OF CELLULAR PHYSIOLOGY,J CELL PHYSIOL,WILEY,0021-9541,1097-4652,CELL BIOLOGY,SCIE,37497,4.5,Q2,1,9.67%
Stem Cell Reviews and Reports,STEM CELL REV REP,SPRINGER,2629-3269,2629-3277,CELL BIOLOGY,SCIE,4546,4.5,Q2,0.99,32.49%
2D Materials,2D MATER,IOP Publishing Ltd,2053-1583,2053-1583,"MATERIALS SCIENCE, MULTIDISCIPLINARY",SCIE,9415,4.5,Q2,0.9,29.63%
EUROPEAN JOURNAL OF CELL BIOLOGY,EUR J CELL BIOL,ELSEVIER GMBH,0171-9335,1618-1298,CELL BIOLOGY,SCIE,3902,4.5,Q2,0.73,97.81%
INFLAMMATION,INFLAMMATION,SPRINGER/PLENUM PUBLISHERS,0360-3997,1573-2576,CELL BIOLOGY,SCIE,8820,4.5,Q2,0.71,15.36%
Open Biology,OPEN BIOL,ROYAL SOC,N/A,2046-2441,BIOCHEMISTRY & MOLECULAR BIOLOGY,SCIE,5493,4.5,Q1,0.69,99.45%
International Journal of Smart and Nano Materials,INT J SMART NANO MAT,TAYLOR & FRANCIS LTD,1947-5411,1947-542X,"MATERIALS SCIENCE, MULTIDISCIPLINARY",SCIE,846,4.5,Q2,0.68,94.95%
EXPERT REVIEWS IN MOLECULAR MEDICINE,EXPERT REV MOL MED,CAMBRIDGE UNIV PRESS,1462-3994,1462-3994,BIOCHEMISTRY & MOLECULAR BIOLOGY,SCIE,1996,4.5,Q1,0.62,31.63%
Earth System Governance,EARTH SYST GOV-NETH,ELSEVIER,2589-8116,2589-8116,ENVIRONMENTAL STUDIES,ESCI,560,4.4,Q1,2.17,97.89%
China Agricultural Economic Review,CHINA AGR ECON REV,EMERALD GROUP PUBLISHING LTD,1756-137X,1756-1388,AGRICULTURAL ECONOMICS & POLICY,SCIE,1617,4.4,Q1,1.6,5.26%
APPLIED MATHEMATICAL MODELLING,APPL MATH MODEL,ELSEVIER SCIENCE INC,0307-904X,1872-8480,"MATHEMATICS, INTERDISCIPLINARY APPLICATIONS",SCIE,25283,4.4,Q1,1.51,8.66%
BMC BIOLOGY,BMC BIOL,BMC,N/A,1741-7007,BIOLOGY,SCIE,10597,4.4,Q1,1.34,99.88%
THEORETICAL AND APPLIED GENETICS,THEOR APPL GENET,SPRINGER,0040-5752,1432-2242,AGRONOMY,SCIE,22514,4.4,Q1,1.31,29.91%
THEORETICAL AND APPLIED GENETICS,THEOR APPL GENET,SPRINGER,0040-5752,1432-2242,PLANT SCIENCES,SCIE,22514,4.4,Q1,1.31,29.91%
BIOSYSTEMS ENGINEERING,BIOSYST ENG,ACADEMIC PRESS INC ELSEVIER SCIENCE,1537-5110,1537-5129,AGRICULTURAL ENGINEERING,SCIE,12890,4.4,Q1,1.23,20.09%
BIOSYSTEMS ENGINEERING,BIOSYST ENG,ACADEMIC PRESS INC ELSEVIER SCIENCE,1537-5110,1537-5129,"AGRICULTURE, MULTIDISCIPLINARY",SCIE,12890,4.4,Q1,1.23,20.09%
ECOLOGY,ECOLOGY,WILEY,0012-9658,1939-9170,ECOLOGY,SCIE,58920,4.4,Q1,1.22,31.52%
STRUCTURE,STRUCTURE,CELL PRESS,0969-2126,1878-4186,BIOCHEMISTRY & MOLECULAR BIOLOGY,SCIE,14144,4.4,Q2,1.14,79.13%
STRUCTURE,STRUCTURE,CELL PRESS,0969-2126,1878-4186,CELL BIOLOGY,SCIE,14144,4.4,Q2,1.14,79.13%
Results in Physics,RESULTS PHYS,ELSEVIER,2211-3797,2211-3797,"MATERIALS SCIENCE, MULTIDISCIPLINARY",SCIE,23286,4.4,Q2,1.13,97.26%
Results in Physics,RESULTS PHYS,ELSEVIER,2211-3797,2211-3797,"PHYSICS, MULTIDISCIPLINARY",SCIE,23286,4.4,Q1,1.13,97.26%
ENVIRONMENTAL TOXICOLOGY,ENVIRON TOXICOL,WILEY,1520-4081,1522-7278,ENVIRONMENTAL SCIENCES,SCIE,7444,4.4,Q2,1.07,3.51%
ENVIRONMENTAL TOXICOLOGY,ENVIRON TOXICOL,WILEY,1520-4081,1522-7278,TOXICOLOGY,SCIE,7444,4.4,Q1,1.07,3.51%
REGIONAL STUDIES,REG STUD,"ROUTLEDGE JOURNALS, TAYLOR & FRANCIS LTD",0034-3404,1360-0591,ENVIRONMENTAL STUDIES,SSCI,10812,4.4,Q1,1.04,37.06%
NPJ Microgravity,NPJ MICROGRAVITY,NATURE PORTFOLIO,N/A,2373-8065,MULTIDISCIPLINARY SCIENCES,SCIE,1394,4.4,Q1,1.03,99.50%
Science China-Technological Sciences,SCI CHINA TECHNOL SC,SCIENCE PRESS,1674-7321,1869-1900,"MATERIALS SCIENCE, MULTIDISCIPLINARY",SCIE,8679,4.4,Q2,1.03,0.13%
Archives of Civil and Mechanical Engineering,ARCH CIV MECH ENG,SPRINGERNATURE,1644-9665,2083-3318,"MATERIALS SCIENCE, MULTIDISCIPLINARY",SCIE,5317,4.4,Q2,1,22.62%
Computational and Structural Biotechnology Journal,COMPUT STRUCT BIOTEC,ELSEVIER,2001-0370,2001-0370,BIOCHEMISTRY & MOLECULAR BIOLOGY,SCIE,10553,4.4,Q2,0.96,85.97%
PRESLIA,PRESLIA,CZECH BOTANICAL SOC,0032-7786,2570-950X,PLANT SCIENCES,SCIE,1171,4.4,Q1,0.96,86.05%
ACS Applied Polymer Materials,ACS APPL POLYM MATER,AMER CHEMICAL SOC,2637-6105,2637-6105,"MATERIALS SCIENCE, MULTIDISCIPLINARY",SCIE,13475,4.4,Q2,0.9,7.93%
FASEB JOURNAL,FASEB J,WILEY,0892-6638,1530-6860,BIOCHEMISTRY & MOLECULAR BIOLOGY,SCIE,50666,4.4,Q2,0.9,30.82%
FASEB JOURNAL,FASEB J,WILEY,0892-6638,1530-6860,BIOLOGY,SCIE,50666,4.4,Q1,0.9,30.82%
FASEB JOURNAL,FASEB J,WILEY,0892-6638,1530-6860,CELL BIOLOGY,SCIE,50666,4.4,Q2,0.9,30.82%
NEUROCHEMISTRY INTERNATIONAL,NEUROCHEM INT,PERGAMON-ELSEVIER SCIENCE LTD,0197-0186,1872-9754,BIOCHEMISTRY & MOLECULAR BIOLOGY,SCIE,10286,4.4,Q2,0.9,19.87%
JOURNAL OF PHYSICAL AND CHEMICAL REFERENCE DATA,J PHYS CHEM REF DATA,AIP Publishing,0047-2689,1529-7845,"PHYSICS, MULTIDISCIPLINARY",SCIE,7597,4.4,Q1,0.84,22.22%
PLANT DISEASE,PLANT DIS,AMER PHYTOPATHOLOGICAL SOC,0191-2917,1943-7692,PLANT SCIENCES,SCIE,25074,4.4,Q1,0.8,37.78%
GLOBAL CHALLENGES,GLOB CHALL,WILEY-V C H VERLAG GMBH,N/A,2056-6646,MULTIDISCIPLINARY SCIENCES,SCIE,2211,4.4,Q1,0.76,76.47%
Nanomaterials,NANOMATERIALS-BASEL,MDPI,N/A,2079-4991,"MATERIALS SCIENCE, MULTIDISCIPLINARY",SCIE,70315,4.4,Q2,0.74,99.44%
MACROMOLECULAR BIOSCIENCE,MACROMOL BIOSCI,WILEY-V C H VERLAG GMBH,1616-5187,1616-5195,BIOCHEMISTRY & MOLECULAR BIOLOGY,SCIE,9055,4.4,Q2,0.73,24.66%
Progress in Additive Manufacturing,PROG ADDIT MANUF,SPRINGERNATURE,2363-9512,2363-9520,"MATERIALS SCIENCE, MULTIDISCIPLINARY",ESCI,1880,4.4,Q2,0.72,35.86%
CELLULAR SIGNALLING,CELL SIGNAL,ELSEVIER SCIENCE INC,0898-6568,1873-3913,CELL BIOLOGY,SCIE,13768,4.4,Q2,0.69,19.70%
BIOCHEMICAL JOURNAL,BIOCHEM J,PORTLAND PRESS LTD,0264-6021,1470-8728,BIOCHEMISTRY & MOLECULAR BIOLOGY,SCIE,39718,4.4,Q2,0.66,81.70%
MEDIATORS OF INFLAMMATION,MEDIAT INFLAMM,HINDAWI LTD,0962-9351,1466-1861,CELL BIOLOGY,SCIE,16441,4.4,Q2,0.59,99.48%
PROCEEDINGS OF THE JAPAN ACADEMY SERIES B-PHYSICAL AND BIOLOGICAL SCIENCES,P JPN ACAD B-PHYS,JAPAN ACAD,0386-2208,1349-2896,MULTIDISCIPLINARY SCIENCES,SCIE,2404,4.4,Q1,0.59,98.73%
WILDLIFE MONOGRAPHS,WILDLIFE MONOGR,WILEY,0084-0173,1938-5455,ECOLOGY,SCIE,676,4.3,Q1,1.95,28.57%
WILDLIFE MONOGRAPHS,WILDLIFE MONOGR,WILEY,0084-0173,1938-5455,ZOOLOGY,SCIE,676,4.3,Q1,1.95,28.57%
APPLIED OCEAN RESEARCH,APPL OCEAN RES,ELSEVIER SCI LTD,0141-1187,1879-1549,OCEANOGRAPHY,SCIE,10641,4.3,Q1,1.34,13.45%
BMC PLANT BIOLOGY,BMC PLANT BIOL,BMC,1471-2229,1471-2229,PLANT SCIENCES,SCIE,26240,4.3,Q1,1.34,99.84%
BIOLOGICAL RESEARCH,BIOL RES,SOC BIOLGIA CHILE,0716-9760,0717-6287,BIOLOGY,SCIE,3285,4.3,Q1,1.31,99.30%
BIOLOGICAL RESEARCH,BIOL RES,SOC BIOLGIA CHILE,0716-9760,0717-6287,BIOLOGY,SCIE,3285,4.3,Q1,1.31,99.30%
