"Journal","Field","Publisher","Publisher.type","Business.model","Institution","Institution.type","Website","APC..uros","Scimago.Rank","PCI.partner","journal_clean","oa_journal_name","oa_issn_l","oa_issn"
"Animal Behaviour","ecology","Elsevier","For-profit","hybrid","Association for the Study of Animal Behaviour","Society","https://www.journals.elsevier.com/animal-behaviour",2740,1.068,"none","Animal Behaviour","Animal Behaviour","0003-3472","0003-3472 | 1095-8282"
"Archives of Sexual Behavior","ecology","Springer","For-profit","hybrid","International Academy of Sex Research","Society","https://www.springer.com/journal/10508",2290,1.149,"none","Archives of Sexual Behavior","Archives of Sexual Behavior","0004-0002","0004-0002 | 1573-2800"
"Behavior Genetics","ecology","Springer","For-profit","hybrid","Behavior Genetics Association","Society","https://www.springer.com/journal/10519",2390,0.866,"none","Behavior Genetics","Behavior Genetics","0001-8244","0001-8244 | 1573-3297"
"Behavioral Ecology","ecology","Oxford University Press","University Press","hybrid","International Society for Behavioral Ecology","Society","https://academic.oup.com/beheco",3630,1.08,"none","Behavioral Ecology","Behavioral Ecology","1045-2249","1045-2249 | 1465-7279"
"Hormones and Behavior","ecology","Elsevier","For-profit","hybrid","Society for Behavioral Neuroendocrinology","Society","https://www.sciencedirect.com/journal/hormones-and-behavior",3100,0.97,"none","Hormones and Behavior","Hormones and Behavior","0018-506X","0018-506X | 1095-6867"
"Personality and Individual Differences","ecology","Elsevier","For-profit","hybrid","International Society for the Study of Individual Differences","Society","https://www.journals.elsevier.com/personality-and-individual-differences",3000,1.178,"none","Personality and Individual Differences","Personality and Individual Differences","0191-8869","0191-8869 | 1873-3549"
"Sociobiology","ecology","Universidade Estadual de Feira de Santana","Non-profit","diamond_OA","Universidade Estadual de Feira de Santana","Uni/Gov","https://periodicos.uefs.br/index.php/sociobiology/about",0,0.379,"none","Sociobiology","Behavioral Ecology and Sociobiology","0340-5443","0340-5443 | 1432-0762"
"African Journal of Wildlife Research","ecology","Southern African Wildlife Management Association","Non-profit","subscription","Southern African Wildlife Management Association","Society","https://sawma.co.za/scope-and-information/",400,0.31,"none","African Journal of Wildlife Research","African Journal of Wildlife Research","2410-7220","2410-7220 | 2410-8200"
"Animal Conservation","ecology","Wiley","For-profit","hybrid","Zoological Society of London","Society","https://zslpublications.onlinelibrary.wiley.com/journal/14691795",3550,1.213,"none","Animal Conservation","Animal Conservation","1367-9430","1367-9430 | 1469-1795"
"Applied Vegetation Science","ecology","Wiley","For-profit","hybrid","International Association for Vegetation Science","Society","https://onlinelibrary.wiley.com/journal/1654109x",3260,0.74,"none","Applied Vegetation Science","Applied Vegetation Science","1402-2001","1402-2001 | 1654-109X"
"Aquatic Ecosystem Health & Management","ecology","Michigan State University Press","University Press","subscription","Aquatic Ecosystem Health and Management Society","Society","https://msupress.org/journals/aquatic-ecosystem-health-and-management/",100,0.336,"none","Aquatic Ecosystem Health & Management","Aquatic Ecosystem Health & Management","1463-4988","1463-4988 | 1539-4077"
"Bird Conservation International","ecology","Cambridge University Press","University Press","hybrid","Bird Life International","Non-profit","https://www.cambridge.org/core/journals/bird-conservation-international",2980,0.665,"none","Bird Conservation International","Bird Conservation International","0959-2709","0959-2709 | 1474-0001"
"Chelonian Conservation and Biology","ecology","Allen press","For-profit","hybrid","Chelonian Research Foundation / Turtle Conservation","Non-profit","https://meridian.allenpress.com/ccb/pages/author-instructions",1831,0.335,"none","Chelonian Conservation and Biology","Chelonian Conservation and Biology","1071-8443","1071-8443 | 1943-3956"
"Coastal Management","ecology","Taylor & Francis","For-profit","hybrid","Coastal Society","Society","https://www.tandfonline.com/action/journalInformation?show=aimsScope&journalCode=ucmg20",3190,0.69,"none","Coastal Management","Ocean & Coastal Management","0964-5691","0964-5691 | 1873-524X"
"Conservation & Society","ecology","Wolters Kluwer Medknow Publications","For-profit","OA","Ashoka Trust for Research in Ecology and the Environment","Uni/Gov","https://www.conservationandsociety.org.in/",540,0.658,"none","Conservation & Society","Conservation and Society","0972-4923","0972-4923 | 0975-3133"
"Conservation Biology","ecology","Wiley","For-profit","hybrid","Society for Conservation Biology","Society","https://conbio.onlinelibrary.wiley.com/journal/15231739",2580,2.07,"none","Conservation Biology","Conservation Biology","0888-8892","0888-8892 | 1523-1739"
"Conservation Letters","ecology","Wiley","For-profit","OA","Society for Conservation Biology","Society","https://conbio.onlinelibrary.wiley.com/journal/1755263x",2310,3.08,"none","Conservation Letters","Conservation Letters","1755-263X","1755-263X"
"Conservation Physiology","ecology","Oxford University Press","University Press","OA","Society for Experimental Biology","Society","https://academic-oup-com.inee.bib.cnrs.fr/conphys",2241,0.902,"none","Conservation Physiology","Conservation Physiology","2051-1434","2051-1434"
"Conservation Science and Practice","ecology","Wiley","For-profit","OA","The Society for Conservation Biology","Society","https://conbio.onlinelibrary.wiley.com/journal/25784854",1650,0.98,"none","Conservation Science and Practice","Conservation Science and Practice","2578-4854","2578-4854"
"Ecological Applications","ecology","Wiley","For-profit","hybrid","Ecological Society of America","Society","https://esajournals.onlinelibrary.wiley.com/journal/19395582",3000,1.726,"none","Ecological Applications","Ecological Applications","1051-0761","1051-0761 | 1939-5582"
"Ecological Solutions & Evidence","ecology","Wiley","For-profit","OA","British Ecological Society","Society","https://besjournals.onlinelibrary.wiley.com/journal/26888319",2000,NA,"none","Ecological Solutions & Evidence","Ecological Solutions and Evidence","2688-8319","2688-8319"
"International Journal of Wildland Fire","ecology","CSIRO publishing","Non-profit","hybrid","International Association of Wildland Fire","Non-profit","https://www.publish.csiro.au/wf",2500,0.878,"none","International Journal of Wildland Fire","International Journal of Wildland Fire","1049-8001","1049-8001 | 1448-5516"
"International Zoo Yearbook","ecology","Wiley","For-profit","hybrid","Zoological Society of London","Society","https://zslpublications.onlinelibrary.wiley.com/journal/17481090",3000,0.39,"none","International Zoo Yearbook","International Zoo Yearbook","0074-9664","0074-9664 | 1748-1090"
"Invasive Plant Science and Management","ecology","Cambridge University Press","University Press","hybrid","Weed Science Society of America","Society","https://www.cambridge.org/core/journals/invasive-plant-science-and-management/information",2569,0.414,"none","Invasive Plant Science and Management","Invasive Plant Science and Management","1939-7291","1939-7291 | 1939-747X"
"Journal of Applied Ecology","ecology","Wiley","For-profit","hybrid","British Ecological Society","Society","https://besjournals.onlinelibrary.wiley.com/journal/13652664",2830,1.964,"none","Journal of Applied Ecology","Journal of Applied Ecology","0021-8901","0021-8901 | 1365-2664"
"Journal of Coastal Conservation","ecology","Springer","For-profit","hybrid","Coastal & Marine Union","Non-profit","https://www.springer.com/journal/11852",2290,0.522,"none","Journal of Coastal Conservation","Journal of Coastal Conservation","1400-0350","1400-0350 | 1874-7841"
"Journal of Threatened Taxa","ecology","Wildlife Information Liaison Development","Non-profit","OA","Wildlife Information Liaison Development","Society","https://www.threatenedtaxa.org/index.php/JoTT/aims_scope",148,0.297,"none","Journal of Threatened Taxa","Journal of Threatened Taxa","0974-7893","0974-7893 | 0974-7907"
"Journal of Wildlife Management","ecology","Wiley","For-profit","hybrid","The Wildlife Society","Society","https://wildlife.onlinelibrary.wiley.com/journal/19372817?tabActivePane=undefined",3400,0.87,"none","Journal of Wildlife Management","Journal of Wildlife Management","0022-541X","0022-541X | 1937-2817"
"Knowledge and Management of Aquatic Ecosystems","ecology","EDP Science","For-profit","diamond_OA","Office Francais de la Biodiversite","Uni/Gov","https://www.kmae-journal.org/",0,0.41,"none","Knowledge and Management of Aquatic Ecosystems","Knowledge and Management of Aquatic Ecosystems","1961-9502","1961-9502"
"Management of Biological Invasions","ecology","Regional Euro-Asian Biological Invasions Center","For-profit","OA","International Association for Open Knowledge on Invasive Alien Species","Non-profit","https://www.reabic.net/journals/mbi/Default.aspx",1120,0.49,"none","Management of Biological Invasions","Management of Biological Invasions","1989-8649","1989-8649"
"Natural Areas Journal","ecology","Natural Areas Association","Non-profit","hybrid","Natural Areas Association","Non-profit","https://naturalareas.org/submissions.php",3673,0.3,"none","Natural Areas Journal","Natural Areas Journal","0885-8608","0885-8608 | 2162-4399"
"NeoBiota","ecology","Pensoft","For-profit","OA","Neobiota - the European Group on Biological Invasions","Society","https://neobiota.pensoft.net/",950,1.21,"none","NeoBiota","NeoBiota","1314-2488","1314-2488"
"Perspectives in Ecology and Conservation","ecology","Elsevier","For-profit","diamond_OA","Brazilian Association for Ecological Science and Conservation","Non-profit","https://www.sciencedirect.com/journal/perspectives-in-ecology-and-conservation",0,1.54,"none","Perspectives in Ecology and Conservation","Perspectives in Ecology and Conservation","2530-0644","2530-0644"
"Primate Conservation","ecology","Conservation International","Non-profit","diamond_OA","Conservation International","Society","http://www.primate-sg.org/primate_conservation/",0,0.32,"none","Primate Conservation","Primate Conservation","0898-6207","0898-6207 | 2162-4232"
"Remote Sensing in Ecology and Conservation","ecology","Wiley","For-profit","OA","Zoological Society of London","Society","https://zslpublications.onlinelibrary.wiley.com/journal/20563485",2640,1.37,"none","Remote Sensing in Ecology and Conservation","Remote Sensing in Ecology and Conservation","2056-3485","2056-3485"
"Restoration Ecology","ecology","Wiley","For-profit","hybrid","Society for Ecological Restoration","Society","https://onlinelibrary.wiley.com/journal/1526100x",2750,1.24,"none","Restoration Ecology","Restoration Ecology","1061-2971","1061-2971 | 1526-100X"
"Wildlife Biology","ecology","Wiley","For-profit","OA","Nordic Society Oikos","Society","https://onlinelibrary.wiley.com/journal/1903220x",2000,0.62,"none","Wildlife Biology","Wildlife Biology","0909-6396","0909-6396 | 1903-220X"
"Wildlife Research","ecology","CSIRO publishing","Non-profit","hybrid","Commonwealth Scientific and Industrial Research Organisation","Uni/Gov","https://www.publish.csiro.au/wr/AbouttheJournal",2500,0.73,"none","Wildlife Research","Wildlife Research","1035-3712","1035-3712 | 1448-5494"
"Wildlife Society Bulletin","ecology","Wiley","For-profit","hybrid","The Wildlife Society","Society","https://wildlife.onlinelibrary.wiley.com/journal/23285540?tabActivePane=undefined",1850,0.467,"none","Wildlife Society Bulletin","Wildlife Society Bulletin","0091-7648","0091-7648 | 1938-5463"
"Ambio","ecology","Springer","For-profit","hybrid","Royal Swedish Academy of Sciences","Uni/Gov","https://www.springer.com/journal/13280",3190,1.77,"none","Ambio","AMBIO","0044-7447","0044-7447 | 1654-7209"
"Environmental Microbiology","ecology","Wiley","For-profit","hybrid","Applied Microbiology International","Society","https://sfamjournals.onlinelibrary.wiley.com/journal/14622920",3710,1.391,"none","Environmental Microbiology","Applied and Environmental Microbiology","0099-2240","0099-2240 | 1070-6291 | 1098-5336"
"Environmental Microbiology Reports","ecology","Wiley","For-profit","hybrid","Applied Microbiology International","Society","https://sfamjournals.onlinelibrary.wiley.com/journal/17582229",2550,0.972,"none","Environmental Microbiology Reports","Environmental Microbiology Reports","1758-2229","1758-2229"
"Environmental Science and Pollution Research","ecology","Springer","For-profit","hybrid","European Chemical Society","Society","https://www.springer.com/journal/11356",2890,0.94,"none","Environmental Science and Pollution Research","Environmental Science and Pollution Research","0944-1344","0944-1344 | 1614-7499"
"Environmental Toxicology and Chemistry","ecology","Wiley","For-profit","hybrid","Society of Environmental Toxicology and Chemistry","Society","https://setac.onlinelibrary.wiley.com/journal/15528618",2270,1.025,"none","Environmental Toxicology and Chemistry","Environmental Toxicology and Chemistry","0730-7268","0730-7268 | 1552-8618"
"Frontiers in Ecology and the Environment","ecology","Wiley","For-profit","hybrid","Ecological Society of America","Society","https://esajournals.onlinelibrary.wiley.com/journal/15409309",3000,3.51,"none","Frontiers in Ecology and the Environment","Frontiers in Ecology and the Environment","1540-9295","1540-9295 | 1540-9309"
"ICES Journal of Marine Science","ecology","Oxford University Press","University Press","OA","International Council for the Exploration of the See","Society","https://academic.oup.com/icesjms",3082,0.94,"none","ICES Journal of Marine Science","ICES Journal of Marine Science","1054-3139","1054-3139 | 1095-9289"
"Peer Community In Ecotoxicology and Environmental Chemistry","ecology","Peer Community In","Non-profit","diamond_OA","Peer Community In","Non-profit","https://ecology.peercommunityin.org/",0,NA,"PCI","Peer Community In Ecotoxicology and Environmental Chemistry",NA,NA,NA
"Phytobiomes Journal","ecology","APS Publications","Non-profit","hybrid","The American Phytopathological Society","Society","https://apsjournals.apsnet.org/journal/pbiomes",1722,1.04,"none","Phytobiomes Journal","Phytobiomes Journal","2471-2906","2471-2906"
"Basic and Applied Ecology","ecology","Elsevier","For-profit","OA","Ecological Society of Germany / Austria and Switzerland","Society","https://www.journals.elsevier.com/basic-and-applied-ecology",1676,0.933,"none","Basic and Applied Ecology","Basic and Applied Ecology","1439-1791","1439-1791 | 1618-0089"
"Bulletin of the Ecological Society of America","ecology","Wiley","For-profit","hybrid","Ecological Society of America","Society","https://esajournals.onlinelibrary.wiley.com/journal/23276096",3000,NA,"none","Bulletin of the Ecological Society of America","Bulletin of the Ecological Society of America","0012-9623","0012-9623 | 2327-6096"
"Ecological Monographs","ecology","Wiley","For-profit","hybrid","Ecological Society of America","Society","https://esajournals.onlinelibrary.wiley.com/journal/15577015",3000,3.58,"none","Ecological Monographs","Ecological Monographs","0012-9615","0012-9615 | 1557-7015"
"Ecological Research","ecology","Wiley","For-profit","hybrid","The Ecological Society of Japan","Society","https://esj-journals.onlinelibrary.wiley.com/journal/14401703",2500,0.575,"none","Ecological Research","Ecological Research","0912-3814","0912-3814 | 1440-1703"
"Ecology","ecology","Wiley","For-profit","hybrid","Ecological Society of America","Society","https://esajournals.onlinelibrary.wiley.com/journal/19399170",3000,2.021,"none","Ecology","Ecology","0012-9658","0012-9658 | 1939-9170"
"Ecology Letters","ecology","Wiley","For-profit","hybrid","Centre National de la Recherche Scientifique","Uni/Gov","https://onlinelibrary.wiley.com/journal/14610248",4230,5.673,"PCI friendly","Ecology Letters","Ecology Letters","1461-023X","1461-023X | 1461-0248"
"Ecoscience","ecology","Taylor & Francis","For-profit","hybrid","Universite Laval","Uni/Gov","https://www.tandfonline.com/toc/teco20/current",3170,0.387,"none","Ecoscience","Ecoscience","1195-6860","1195-6860 | 2376-7626"
"Ecosphere","ecology","Wiley","For-profit","OA","Ecological Society of America","Society","https://esajournals.onlinelibrary.wiley.com/journal/21508925",1700,1.151,"none","Ecosphere","Ecosphere","2150-8925","2150-8925"
"Functional Ecology","ecology","Wiley","For-profit","hybrid","British Ecological Society","Society","https://besjournals.onlinelibrary.wiley.com/journal/13652435",2830,2.03,"none","Functional Ecology","Functional Ecology","0269-8463","0269-8463 | 1365-2435"
"International Journal of Remote Sensing","ecology","Taylor & Francis","For-profit","hybrid","Remote Sensing and Photogrammetry Society","Society","https://www.tandfonline.com/action/journalInformation?show=aimsScope&journalCode=tres20",2415,0.873,"none","International Journal of Remote Sensing","International Journal of Remote Sensing","0143-1161","0143-1161 | 1366-5901"
"Journal of Chemical Ecology","ecology","Springer","For-profit","hybrid","International Society of Chemical Ecology /  Asia-Pacific Association of Chemical Ecologists / Latin American Association of Chemical Ecology","Society","https://www.springer.com/journal/10886",2690,0.747,"none","Journal of Chemical Ecology","Journal of Chemical Ecology","0098-0331","0098-0331 | 1573-1561"
"Journal of Ecology","ecology","Wiley","For-profit","hybrid","British Ecological Society","Society","https://besjournals.onlinelibrary.wiley.com/journal/13652745",2830,2.193,"none","Journal of Ecology","Journal of Ecology","0022-0477","0022-0477 | 1365-2745"
"Oikos","ecology","Wiley","For-profit","hybrid","Nordic Society Oikos","Society","https://onlinelibrary.wiley.com/journal/16000706",2480,1.46,"PCI friendly","Oikos","Oikos","0030-1299","0030-1299 | 1600-0706"
"Peer Community In Ecology","ecology","Peer Community In","Non-profit","diamond_OA","Peer Community In","Non-profit","https://ecology.peercommunityin.org/",0,NA,"PCI","Peer Community In Ecology","Peer Community In Ecology","2606-4979","2606-4979"
"Polish Journal of Ecology","ecology","BioOne Complete","Non-profit","subscription","Museum and Institute of Zoology / Polish Academy of Sciences","Society","https://bioone.org/journals/polish-journal-of-ecology",NA,0.206,"none","Polish Journal of Ecology","Polish Journal of Ecology","1505-2249","1505-2249 | 2450-1395"
"Population Ecology","ecology","Wiley","For-profit","hybrid","Society of Population Ecology","Society","https://esj-journals.onlinelibrary.wiley.com/journal/1438390x",2500,0.863,"none","Population Ecology","Population Ecology","1438-3896","1438-3896 | 1438-390X"
"Web Ecology","ecology","Copernicus Publications","Non-profit","diamond_OA","European Ecological Federation","Society","https://www.web-ecology.net/",0,0.443,"none","Web Ecology","Web Ecology","1399-1183","1399-1183 | 2193-3081"
"Acta Amazonica","ecology","Instituto Nacional de Pesquisas da Amazonia","Non-profit","diamond_OA","Instituto Nacional de Pesquisas da Amazonia","Uni/Gov","https://acta.inpa.gov.br/",0,0.306,"none","Acta Amazonica","Acta Amazonica","0044-5967","0044-5967 | 1809-4392"
"African Journal of Ecology","ecology","Wiley","For-profit","hybrid","The East African Wildlife Society","Society","https://onlinelibrary.wiley.com/journal/13652028",2780,0.479,"none","African Journal of Ecology","African Journal of Ecology","0141-6707","0141-6707 | 1365-2028"
"Annals of Forest Science","ecology","Springer Nature","For-profit","OA","INRAE","Uni/Gov","https://annforsci.biomedcentral.com/",1750,0.802,"PCI friendly","Annals of Forest Science","Annals of Forest Science","1286-4560","1286-4560 | 1297-966X"
"Austral Ecology","ecology","Wiley","For-profit","hybrid","Ecological Society of Australia","Society","https://onlinelibrary.wiley.com/journal/14429993",2650,0.643,"none","Austral Ecology","Austral Ecology","1442-9985","1442-9985 | 1442-9993"
"Biota Neotropica","ecology","Scielo","Non-profit","OA","Program BIOTA/FAPESP: The Virtual Institute of Biodiversity","other","https://www.biotaneotropica.org.br/",420,0.452,"none","Biota Neotropica","Biota Neopropica/Biota Neotropica","1676-0603","1676-0603 | 1678-6424 | 1678-7927"
"Biotropica","ecology","Wiley","For-profit","hybrid","Association for Tropical Biology & Conservation","Society","https://onlinelibrary.wiley.com/journal/17447429",2000,0.834,"none","Biotropica","Biotropica","0006-3606","0006-3606 | 1744-7429"
"Bulletin of Marine Science","ecology","Rosenstiel School of Marine Atmospheric & Earth Science of the University of Miami","Non-profit","hybrid","Rosenstiel School of Marine Atmospheric & Earth Science of the University of Miami","Uni/Gov","http://bullmarsci.org/",1201,0.415,"none","Bulletin of Marine Science","Bulletin of Marine Science","0007-4977","0007-4977 | 1553-6955"
"Canadian Journal of Forest Research","ecology","Canadian Science Publishing","Non-profit","hybrid","Canadian Society of Ecology ad Evolution","Society","https://cdnsciencepub.com/journal/cjfr",3028,0.596,"none","Canadian Journal of Forest Research","Canadian Journal of Forest Research","0045-5067","0045-5067 | 1208-6037"
"Ecologia Mediterranea","ecology","Naturalia Publications","Non-profit","subscription","Institut Mediterraneen de Biodiversite et d'Ecologie","Uni/Gov","https://ecologia-mediterranea.univ-avignon.fr/",NA,0.154,"none","Ecologia Mediterranea","Ecologia mediterranea","0153-8756","0153-8756 | 1775-4100"
"Estuarine Coastal and Shelf Science","ecology","Elsevier","For-profit","hybrid","Estuarine Coastal Sciences Association","Society","https://www.journals.elsevier.com/estuarine-coastal-and-shelf-science",3026,0.875,"none","Estuarine Coastal and Shelf Science","Estuarine Coastal and Shelf Science","0272-7714","0272-7714 | 1096-0015"
"European Journal of Soil Science","ecology","Wiley","For-profit","hybrid","British Society of Soil Science","Society","https://bsssjournals.onlinelibrary.wiley.com/journal/13652389",3700,1.4,"none","European Journal of Soil Science","European Journal of Soil Science","1351-0754","1351-0754 | 1365-2389"
"Folia Amazonica","ecology","Instituto de Investigaciones de la Amazona Peruana","Non-profit","diamond_OA","Instituto de Investigaciones de la Amazona Peruana","Uni/Gov","http://revistas.iiap.gob.pe/index.php/foliaamazonica/",0,0.12,"none","Folia Amazonica",NA,NA,NA
"Freshwater Science","ecology","The University of Chicago Press Journals","University Press","hybrid","Society of Freshwater Science","Society","https://www.journals.uchicago.edu/toc/fws/current",1700,0.68,"none","Freshwater Science","Freshwater Science","2161-9549","2161-9549 | 2161-9565"
"Journal of Arid Land","ecology","Springer","For-profit","hybrid","Xinjiang Institute of Ecology and Geography","Uni/Gov","https://www.springer.com/journal/40333",2190,0.607,"none","Journal of Arid Land","Journal of Arid Land","1674-6767","1674-6767 | 2194-7783"
"Journal of Coastal Research","ecology","Coastal Education and Research Foundation","Non-profit","Subscription","Coastal Education and Research Foundation","Society","https://meridian.allenpress.com/jcr",NA,0.237,"none","Journal of Coastal Research","Journal of Coastal Research","0749-0208","0749-0208 | 1551-5036"
"Journal of Ecohydraulics","ecology","Taylor & Francis","For-profit","hybrid","International Association for Hydro-Environment Engineering and Research","Society","https://www.tandfonline.com/journals/tjoe20",3170,0.676,"none","Journal of Ecohydraulics","Journal of Ecohydraulics","2470-5357","2470-5357 | 2470-5365"
"Journal of Limnology","ecology","PagePress","For-profit","OA","Water Research Institute","Uni/Gov","https://www.jlimnol.it/index.php/jlimnol",600,0.468,"none","Journal of Limnology","Journal of Limnology","1129-5767","1129-5767 | 1723-8633"
"Journal of the Marine Biological Association of the United Kingdom","ecology","Cambridge University Press","For-profit","hybrid","Marine Biological Association UK","Non-profit","https://www.cambridge.org/core/journals/journal-of-the-marine-biological-association-of-the-united-kingdom",3040,0.436,"none","Journal of the Marine Biological Association of the United Kingdom","Journal of the Marine Biological Association of the United Kingdom","0025-3154","0025-3154 | 1469-7769"
"Marine Ecology Progress Series","ecology","InterResearch","For-profit","hybrid","International Ecology Institute","Uni/Gov","https://www.int-res.com/journals/meps/meps-home/",2000,0.913,"none","Marine Ecology Progress Series","Marine Ecology Progress Series","0171-8630","0171-8630 | 1616-1599"
"Mediterranean Marine Science","ecology","Hellenic Centre for Marine Research","Non-profit","diamond_OA","Hellenic Centre for Marine Research","Uni/Gov","https://ejournals.epublishing.ekt.gr/index.php/hcmr-med-mar-sc/",0,0.673,"none","Mediterranean Marine Science","Mediterranean Marine Science","1108-393X","1108-393X | 1791-6763"
"New Zealand Journal of Ecology","ecology","New Zealand Ecological Society","Non-profit","OA","New Zealand Ecological Society","Society","https://newzealandecology.org/nzje",226,0.766,"none","New Zealand Journal of Ecology","New Zealand Journal of Ecology","0110-6465","0110-6465 | 1177-7788"
"Pedosphere","ecology","Elsevier","For-profit","subscription","Soil Science Society of China and the Institute of Soil Science /  Chinese Academy of Sciences","Society","https://www.sciencedirect.com/journal/pedosphere",NA,1.066,"none","Pedosphere","Pedosphere","1002-0160","1002-0160 | 2210-5107"
"Peer Community In Forest and Wood Sciences","ecology","Peer Community In","Non-profit","diamond_OA","Peer Community In","Non-profit","https://ecology.peercommunityin.org/",0,NA,"PCI","Peer Community In Forest and Wood Sciences","Peer Community In Forest and Wood Sciences","2803-9971","2803-9971"
"Scientia Marina","ecology","CSIC","Non-profit","diamond_OA","Institut de Ciencies del Mar de Barcelona","Uni/Gov","https://scientiamarina.revistas.csic.es/index.php/scientiamarina",0,0.497,"none","Scientia Marina","Scientia Marina","0214-8358","0214-8358 | 1886-8134"
"Silva Balcanica","ecology","Pensoft","Non-profit","diamond_OA","Forest Research Institute ??? Bulgarian Academy of Sciences","Uni/Gov","https://silvabalcanica.pensoft.net/",0,NA,"none","Silva Balcanica","Silva Balcanica","1311-8706","1311-8706 | 2815-2549"
"Tropical Ecology","ecology","Springer","For-profit","hybrid","International Society for Tropical Ecology","Society","https://www.springer.com/journal/42965",2390,0.396,"none","Tropical Ecology","Journal of Tropical Ecology","0266-4674","0266-4674 | 1469-7831"
"Urban Ecosystems","ecology","Springer","For-profit","hybrid","Society for Urban Ecology","Society","https://link.springer.com/journal/11252",2890,0.811,"none","Urban Ecosystems","Urban Ecosystems","1083-8155","1083-8155 | 1573-1642"
"Vie et Milieu - Life and environment","ecology","Arago - Sorbonne Universite  Region Languedoc Roussillon","Non-profit","subscription","Observatoire oceanologique / Laboratoire Arago","Uni/Gov","https://wwwphp.obs-banyuls.fr/Viemilieu/",NA,0.239,"none","Vie et Milieu - Life and environment","Vie Et Milieu-life and Environment",NA,"NA"
"Wetland Science and Practice","ecology","BioOne Complete","Non-profit","subscription","Society of Wetland Scientists","Society","https://complete.bioone.org/journals/wetland-science-and-practice/",NA,NA,"none","Wetland Science and Practice","Wetland Science and Practice","0732-9393","0732-9393"
"Wetlands","ecology","Springer","For-profit","hybrid","Society of Wetland Scientists","Society","https://www.springer.com/journal/13157/",2690,0.617,"none","Wetlands","Wetlands","0277-5212","0277-5212 | 1943-6246"
"African Journal of Range & Forage Science","ecology","Taylor & Francis","For-profit","hybrid","Grassland Society of Southern Africa","Society","https://www.tandfonline.com/journals/tarf20",2895,0.381,"none","African Journal of Range & Forage Science","African Journal of Range and Forage Science","1022-0119","1022-0119 | 1727-9380"
"Biogeographia","ecology","eScholarship","Non-profit","diamond_OA","Italian Biogeography Society","Society","https://escholarship.org/uc/biogeographia",0,0.28,"none","Biogeographia","Biogeographia â€“ The Journal of Integrative Biogeography","1594-7629","1594-7629"
"Ecography","ecology","Wiley","For-profit","OA","Nordic Society Oikos","Society","https://onlinelibrary.wiley.com/journal/16000587",2480,2.37,"none","Ecography","Ecography","0906-7590","0906-7590 | 1600-0587"
"Frontiers of Biogeography","ecology","eScholarship","University Press","OA","International Biogeography Society","Society","https://escholarship.org/uc/fb",330,0.661,"PCI friendly","Frontiers of Biogeography","Frontiers of Biogeography","1948-6596","1948-6596"
"Journal of Vegetation Science","ecology","Wiley","For-profit","hybrid","International Association for Vegetation Science","Society","https://onlinelibrary.wiley.com/journal/16541103",3260,1.01,"none","Journal of Vegetation Science","Journal of Vegetation Science","1100-9233","1100-9233 | 1654-1103"
"Landscape Ecology","ecology","Springer","For-profit","hybrid","International Association for Landscape Ecology","Society","https://www.springer.com/journal/10980",3390,1.47,"none","Landscape Ecology","Landscape Ecology","0921-2973","0921-2973 | 1572-9761"
"Vegetation Classification and Survey","ecology","Pensoft","For-profit","OA","International Association for Vegetation Science","Society","https://vcs.pensoft.net/",825,0.34,"none","Vegetation Classification and Survey","Vegetation Classification and Survey","2683-0671","2683-0671"
"Agronomy for Sustainable Development","ecology","Springer","For-profit","hybrid","INRAE","Uni/Gov","https://www.springer.com/journal/13593",2265,1.509,"PCI friendly","Agronomy for Sustainable Development","Agronomy for Sustainable Development","1773-0155","1773-0155 | 1774-0746"
"Aquatic Living Resources","ecology","EDP Science","For-profit","diamond_OA","Institut de Recherche pour le Developpement / IFREMER","Uni/Gov","https://www.alr-journal.org/",0,0.389,"none","Aquatic Living Resources","Aquatic Living Resources","0990-7440","0990-7440 | 1765-2952"
"Ecology and Society","ecology","Resilience Alliance/Ecology & Society","Non-profit","OA","Ecology & Society","Society","https://ecologyandsociety.org/",893,1.188,"none","Ecology and Society","Ecology and Society","1708-3087","1708-3087"
"Elementa","ecology","University of California Press","University Press","OA","University of California","Uni/Gov","https://online.ucpress.edu/elementa/",1787,1.037,"none","Elementa","Elementa Science of the Anthropocene","2325-1026","2325-1026"
"Human-Wildlife Interactions","ecology","Jack H Berryman Institute","University Press","OA","Utah State University","Uni/Gov","https://digitalcommons.usu.edu/hwi/",1100,0.342,"none","Human-Wildlife Interactions","Human-wildlife interactions","2155-3874","2155-3874"
"Journal of Economic Entomology","ecology","Oxford University Press","University Press","hybrid","Entomological Society of America","Society","https://academic.oup.com/jee/pages/About",3784,0.698,"none","Journal of Economic Entomology","Journal of Economic Entomology","0022-0493","0022-0493 | 1938-291X"
"Journal of Sustainable Agriculture and Environment","ecology","Wiley","For-profit","OA","Global Initiative of Crop Microbiome and Sustainable Agriculture","Society","https://onlinelibrary.wiley.com/journal/2767035x",1800,NA,"none","Journal of Sustainable Agriculture and Environment","Journal of Sustainable Agriculture and Environment","2767-035X","2767-035X"
"Nature Sciences Societes","ecology","EDP Science","For-profit","diamond_OA","Association Natures Sciences Societes - Dialogues","Society","https://www.nss-journal.org/fr/",0,0.17,"none","Nature Sciences Societes",NA,NA,NA
"People & Nature","ecology","Wiley","For-profit","OA","British Ecological Society","Society","https://besjournals.onlinelibrary.wiley.com/journal/25758314",2120,1.91,"none","People & Nature","People and Nature","2575-8314","2575-8314"
"Weed Research","ecology","Wiley","For-profit","hybrid","European Weed Research Society","Society","https://onlinelibrary.wiley.com/journal/13653180",3040,0.43,"none","Weed Research","Weed Research","0043-1737","0043-1737 | 1365-3180"
"FEMS Microbiology Ecology","ecology","Oxford University Press","For-profit","hybrid","Federation of European Microbiological Societies","Society","https://academic.oup.com/femsec",3200,1.092,"none","FEMS Microbiology Ecology","FEMS Microbiology Ecology","0168-6496","0168-6496 | 1574-6941"
"Journal of Animal Ecology","ecology","Wiley","For-profit","hybrid","British Ecological Society","Society","https://besjournals.onlinelibrary.wiley.com/journal/13652656",2830,1.969,"none","Journal of Animal Ecology","Journal of Animal Ecology","0021-8790","0021-8790 | 1365-2656"
"Journal of Plant Ecology","ecology","Oxford University Press","For-profit","OA","Botanical Society of China and Institute of Botany / Chinese Academy of Sciences","Society","https://academic.oup.com/jpe",1945,0.584,"none","Journal of Plant Ecology","Journal of Plant Ecology","1752-9921","1752-9921 | 1752-993X"
"Journal of Pollination Ecology","ecology","International Commission on Plant Pollinator Relations","Non-profit","diamond_OA","International Commission on Plant Pollinator Relations","Society","https://pollinationecology.org/",0,0.153,"PCI friendly","Journal of Pollination Ecology","Journal of Pollination Ecology","1920-7603","1920-7603"
"Plant Ecology and Diversity","ecology","Taylor & Francis","For-profit","hybrid","Botanical Society of Scotand","Society","https://www.tandfonline.com/toc/tped20/current",3505,0.713,"none","Plant Ecology and Diversity","Plant Ecology & Diversity","1755-0874","1755-0874 | 1755-1668"
"Plant Sociology","ecology","Pensoft","For-profit","OA","Societa Italiana di Scienza della Vegetazione","Society","https://plantsociology.arphahub.com/",350,0.411,"none","Plant Sociology","Plant Sociology","2280-1855","2280-1855 | 2704-6192"
"African Zoology","evolution/systematics","Taylor & Francis","For-profit","hybrid","Zoological Society of Southern Africa","Society","https://www.nisc.co.za/products/59/journals/african-zoology",955,0.335,"none","African Zoology","African Zoology","1562-7020","1562-7020 | 2224-073X"
"American Naturalist","evolution/systematics","University of Chicago Press","University Press","hybrid","American Society of Naturalists","Society","https://www.journals.uchicago.edu/toc/an/current",2290,1.667,"none","American Naturalist","The American Naturalist","0003-0147","0003-0147 | 1537-5323"
"Amphibia-Reptilia","evolution/systematics","Brill","For-profit","hybrid","Societas Europaea Herpetologica","Society","https://brill.com/view/journals/amre/amre-overview.xml",2295,0.628,"none","Amphibia-Reptilia","Amphibia-Reptilia","0173-5373","0173-5373 | 1568-5381"
"Animal Biodiversity and Conservation","evolution/systematics","Museu de Ciencies Naturals de Barcelona","Non-profit","diamond_OA","Museu de Ciencies Naturals de Barcelona","Museum","http://abc.museucienciesjournals.cat/about/?lang=en",0,0.356,"none","Animal Biodiversity and Conservation","Animal Biodiversity and Conservation","1578-665X","1578-665X | 2014-928X"
"Annales Botanici Fennici","evolution/systematics","BioOne","Non-profit","hybrid","Finnish Zoological and Botanical Publishing Board","Uni/Gov","http://www.sekj.org/AnnBot.html",600,0.307,"none","Annales Botanici Fennici","Annales Botanici Fennici","0003-3847","0003-3847 | 1797-2442"
"Annales Zoologici","evolution/systematics","BioOne","Non-profit","subscription","Museum and Institute of Zoology / Polish Academy of Sciences","Uni/Gov","https://miiz.waw.pl/en/26-wydawnictwa/annales-zoologici/173-azedt",NA,0.486,"none","Annales Zoologici","Annales Zoologici Fennici","0003-455X","0003-455X | 1797-2450"
"Annales Zoologici Fennici","evolution/systematics","BioOne","Non-profit","hybrid","Finnish Zoological and Botanical Publishing Board","Uni/Gov","http://www.sekj.org/AnnZool.html",600,0.335,"none","Annales Zoologici Fennici","Annales Zoologici Fennici","0003-455X","0003-455X | 1797-2450"
"Annual Review of Ecology Evolution and Systematics","evolution/systematics","Annual Reviews","Non-profit","subscription","Annual Reviews","Non-profit","https://www.annualreviews.org/journal/ecolsys",NA,6.234,"none","Annual Review of Ecology Evolution and Systematics","Annual Review of Ecology Evolution and Systematics","1543-592X","1543-592X | 1545-2069"
"Arthropod Systematics and Phylogeny","evolution/systematics","Senckenberg","Non-profit","diamond_OA","Senckenberg Gesellschaft fur Naturforschung Dresden","Museum","https://arthropod-systematics.arphahub.com/",0,1.034,"none","Arthropod Systematics and Phylogeny","Arthropod Systematics & Phylogeny","1863-7221","1863-7221 | 1864-8312"
"Australian Journal of Zoology","evolution/systematics","CSIRO publishing","Non-profit","hybrid","Commonwealth Scientific and Industrial Research Organisation","Uni/Gov","https://www.publish.csiro.au/zo",2500,0.335,"none","Australian Journal of Zoology","Australian Journal of Zoology","0004-959X","0004-959X | 1446-5698"
"Australian Systematic Botany","evolution/systematics","CSIRO publishing","Non-profit","hybrid","Commonwealth Scientific and Industrial Research Organisation","Uni/Gov","https://www.publish.csiro.au/SB",2500,0.551,"none","Australian Systematic Botany","Australian Systematic Botany","1030-1887","1030-1887 | 1446-5701"
"Bangladesh Journal of Zoology","evolution/systematics","Bangladesh Journals Online","Non-profit","diamond_OA","Zoological Society of Bangladesh","Society","https://www.banglajol.info/index.php/BJZ",0,NA,"none","Bangladesh Journal of Zoology","Bangladesh Journal of Zoology","0304-9027","0304-9027 | 2408-8455"
"Belgian Journal of Zoology","evolution/systematics","Royal Belgian Zoological Society","Non-profit","diamond_OA","Royal Belgian Zoological Society","Society","https://www.belgianjournalofzoology.eu/BJZ",0,0.328,"PCI friendly","Belgian Journal of Zoology","Belgian journal of zoology","0777-6276","0777-6276 | 2295-0451"
"Biological Journal of the Linnean Society","evolution/systematics","Oxford University Press","University Press","hybrid","Linnean Society","Society","https://academic.oup.com/biolinnean",2871,0.771,"none","Biological Journal of the Linnean Society","Biological Journal of the Linnean Society","0024-4066","0024-4066 | 1095-8312"
"Biosystema","evolution/systematics","Editions Materiologiques","For-profit","subscription","Societe Francaise de Systematique","Society","https://materiologiques.com/fr/19-biosystema-1142-7833",NA,NA,"none","Biosystema",NA,NA,NA
"Botanical Review","evolution/systematics","Springer","For-profit","hybrid","The New York Botanical Garden","Museum","https://www.springer.com/journal/12229",2790,0.945,"none","Botanical Review","The Botanical Review","0006-8101","0006-8101 | 1874-9372"
"Bulletin de la Societe Zoologique de France","evolution/systematics","Societe zoologique de France","Non-profit","OA","Societe Zoologique de France","Society","https://societe-zoologique.fr/index.php/bulletin-et-memoires",160,0.104,"none","Bulletin de la Societe Zoologique de France",NA,NA,NA
"Bulletin of Zoological Nomenclature","evolution/systematics","BioOne","Non-profit","diamond_OA","International Commission on Zoological Nomenclature","Uni/Gov","https://www.iczn.org/submitting-to-the-bulletin-of-zoological-nomenclature/",0,NA,"none","Bulletin of Zoological Nomenclature","The Bulletin of zoological nomenclature","0007-5167","0007-5167 | 2057-0570"
"Canadian Journal of Zoology","evolution/systematics","Canadian Science Publishing","Non-profit","hybrid","Canadian Society of Zoologists","Society","https://cdnsciencepub.com/journal/cjz",2752,0.575,"PCI friendly","Canadian Journal of Zoology","Canadian Journal of Zoology","0008-4301","0008-4301 | 1480-3283"
"Cladistics","evolution/systematics","Wiley","For-profit","hybrid","Willi Hennig Society","Society","https://onlinelibrary.wiley.com/journal/10960031",3170,1.5,"none","Cladistics","Cladistics","0748-3007","0748-3007 | 1096-0031"
"Comparative Parasitology","evolution/systematics","BioOne","Non-profit","subscription","Helminthological Society of Washington","Society","https://bioone.org/journals/comparative-parasitology",NA,0.301,"none","Comparative Parasitology","Comparative Parasitology","1525-2647","1525-2647 | 1938-2952"
"Contributions to Zoology","evolution/systematics","Brill","For-profit","OA","Naturalis Biodiversity Center","Museum","https://brill.com/view/journals/ctoz/ctoz-overview.xml",1330,0.643,"none","Contributions to Zoology","Smithsonian contributions to zoology","0081-0282","0081-0282 | 1943-6696"
"Current Zoology","evolution/systematics","Oxford University Press","University Press","diamond_OA","China Zoological Society","Society","https://academic.oup.com/cz",0,0.937,"none","Current Zoology","Current Zoology","1674-5507","1674-5507 | 2058-5888 | 2396-9814"
"European Journal of Taxonomy","evolution/systematics","European Journal of Taxonomy Consortium","Non-profit","diamond_OA","European Journal of Taxonomy Consortium","Museum","https://europeanjournaloftaxonomy.eu/index.php/ejt",0,0.563,"PCI friendly","European Journal of Taxonomy","European Journal of Taxonomy","2118-9773","2118-9773"
"European Zoological Journal","evolution/systematics","Taylor & Francis","For-profit","OA","Italian Society of Zoologists","Society","https://www.tandfonline.com/journals/tizo21",965,0.436,"PCI friendly","European Zoological Journal","The European Zoological Journal","2475-0263","2475-0263"
"Evolution","evolution/systematics","Oxford University Press","University Press","hybrid","Society for the Study of Evolution","Society","https://academic.oup.com/evolut",2752,1.56,"PCI friendly","Evolution","Evolution","0014-3820","0014-3820 | 1558-5646"
"Evolution Letters","evolution/systematics","Oxford University Press","University Press","OA","Society for the Study of Evolution / European Society for Evolutionary Biology","Society","https://academic.oup.com/evlett",2293,2.775,"PCI friendly","Evolution Letters","Evolution Letters","2056-3744","2056-3744"
"Evolutionary Journal of the Linnean Society","evolution/systematics","Oxford University Press","University Press","OA","Linnean Society","Society","https://academic.oup.com/evolinnean",1868,NA,"none","Evolutionary Journal of the Linnean Society","Evolutionary Journal of the Linnean Society","2752-938X","2752-938X"
"Evolutionary Systematics","evolution/systematics","Pensoft","For-profit","OA","Center of Natural History at the University of Hamburg","Uni/Gov","https://evolsyst.pensoft.net/",420,0.568,"none","Evolutionary Systematics","Journal of Zoological Systematics & Evolutionary Research","0947-5745","0947-5745 | 1439-0469"
"Gayana","evolution/systematics","Universidad de Concepcion Ediciones","Non-profit","OA","Universidad de Concepcion","Uni/Gov","https://gayana.cl",321,0.293,"none","Gayana","Gayana","0717-652X","0717-652X | 0717-6538"
"Ideas in Ecology and Evolution","evolution/systematics","Open Journal Systems","Non-profit","OA","Queen's University","Uni/Gov","https://ojs.library.queensu.ca/index.php/IEE",183,NA,"none","Ideas in Ecology and Evolution","Ideas in Ecology and Evolution","1918-3178","1918-3178"
"Insect Systematics and Diversity","evolution/systematics","Oxford University Press","University Press","hybrid","Entomological Society of America","Society","https://academic.oup.com/isd",3642,1.016,"none","Insect Systematics and Diversity","Insect Systematics and Diversity","2399-3421","2399-3421"
"Integrative and Comparative Biology","evolution/systematics","Oxford University Press","University Press","hybrid","Society for Integrative and Comparative Biology","Society","https://academic.oup.com/icb",3953,1.097,"none","Integrative and Comparative Biology","Integrative and Comparative Biology","1540-7063","1540-7063 | 1557-7023"
"Integrative Zoology","evolution/systematics","Wiley","For-profit","hybrid","International Society of Zoological Sciences / Institute of Zoology/Chinese Academy of Sciences","Society","https://onlinelibrary.wiley.com/journal/17494877",3140,0.665,"none","Integrative Zoology","Integrative Zoology","1749-4869","1749-4868 | 1749-4877 | 1749-4869"
"International Journal of Systematic and Evolutionary Microbiology","evolution/systematics","Microbiology Society","Non-profit","hybrid","International Union of Microbiological Societies","Society","https://www.microbiologyresearch.org/content/journal/ijsem",1930,0.835,"none","International Journal of Systematic and Evolutionary Microbiology","INTERNATIONAL JOURNAL OF SYSTEMATIC AND EVOLUTIONARY MICROBIOLOGY","1466-5026","1466-5026 | 1466-5034"
"Invertebrate Systematics","evolution/systematics","CSIRO publishing","Non-profit","hybrid","Commonwealth Scientific and Industrial Research Organisation","Uni/Gov","https://www.publish.csiro.au/is",2500,1.038,"none","Invertebrate Systematics","Invertebrate Systematics","1445-5226","1445-5226 | 1447-2600"
"Journal of Evolutionary Biology","evolution/systematics","Wiley","For-profit","hybrid","European Society for Evolutionary Biology","Society","https://onlinelibrary.wiley.com/journal/14209101",2580,0.934,"PCI friendly","Journal of Evolutionary Biology","Journal of Evolutionary Biology","1010-061X","1010-061X | 1420-9101"
"Journal of Mammalian Evolution","evolution/systematics","Springer","For-profit","hybrid","Society for the Study of Mammalian Evolution","Society","https://www.springer.com/journal/10914",2690,0.887,"none","Journal of Mammalian Evolution","Journal of Mammalian Evolution","1064-7554","1064-7554 | 1573-7055"
"Journal of Mammalogy","evolution/systematics","Oxford University Press","University Press","hybrid","American Society of Mammalogists","Society","https://academic.oup.com/jmammal",2512,0.798,"none","Journal of Mammalogy","Journal of Mammalogy","0022-2372","0022-2372 | 1545-1542"
"Journal of Systematics and Evolution","evolution/systematics","Wiley","For-profit","hybrid","Institute of Botany Chinese Academy of Sciences","Uni/Gov","https://onlinelibrary.wiley.com/journal/17596831",2500,1.125,"none","Journal of Systematics and Evolution","Journal of Systematics and Evolution","1759-6831","1759-6831 | 1674-4918"
"Journal of the National Museum (Prague)  Natural History Series","evolution/systematics","National Museum of Prague","Non-profit","diamond_OA","National Museum of Prague","Museum","https://publikace.nm.cz/en/periodicals/jotnmpnhs",0,NA,"none","Journal of the National Museum (Prague)  Natural History Series","Journal of the National Museum (Prague) Natural History Series","1802-6842","1802-6842 | 1802-6850"
"Mammalian Biology","evolution/systematics","Springer","For-profit","hybrid","German Society for Mammalian Biology","Society","https://www.springer.com/journal/42991",2190,0.636,"none","Mammalian Biology","Mammalian Biology","1616-5047","1616-5047 | 1618-1476"
"Memoires du Museum d Histoire Naturelle","evolution/systematics","Museum National d'Histoire Naturelle","Non-profit","subscription","Museum National d'Histoire Naturelle","Museum","https://sciencepress.mnhn.fr/fr/collections/memoires-du-museum-national-d-histoire-naturelle",NA,NA,"none","Memoires du Museum d Histoire Naturelle",NA,NA,NA
"Methods in Ecology and Evolution","evolution/systematics","Wiley","For-profit","OA","British Ecological Society","Society","https://besjournals.onlinelibrary.wiley.com/journal/2041210X",2950,2.992,"none","Methods in Ecology and Evolution","Methods in Ecology and Evolution","2041-210X","2041-210X"
"New Phytologist","evolution/systematics","Wiley","For-profit","hybrid","New Phytologist Foundation","Non-profit","https://nph.onlinelibrary.wiley.com/journal/14698137",4620,3.009,"none","New Phytologist","New Phytologist","0028-646X","0028-646X | 1469-8137"
"Novitates Caribaea","evolution/systematics","Museo Nacional de Historia Natural de Republica Dominicana","Non-profit","diamond_OA","Museo Nacional de Historia Natural de Republica Dominicana","Museum","http://novitatescaribaea.do/",0,NA,"none","Novitates Caribaea","Novitates Caribaea","2071-9841","2071-9841 | 2079-0139"
"Organisms Diversity & Evolution","evolution/systematics","Springer","For-profit","hybrid","Gesellschaft fuer Biologische Systematik","Society","https://www.springer.com/journal/13127",2590,0.685,"none","Organisms Diversity & Evolution","Organisms Diversity & Evolution","1439-6092","1439-6092 | 1618-1077"
"Peer Community In Evolutionary Biology","evolution/systematics","Peer Community In","Non-profit","diamond_OA","Peer Community In","Non-profit","https://evolbiol.peercommunityin.org/",0,NA,"PCI","Peer Community In Evolutionary Biology","Peer Community in Evolutionary Biology","2551-668X","2551-668X"
"Peer Community In Zoology","evolution/systematics","Peer Community In","Non-profit","diamond_OA","Peer Community In","Non-profit","https://zool.peercommunityin.org/",0,NA,"PCI","Peer Community In Zoology","Peer Community In Zoology","2781-4734","2781-4734"
"Persoonia","evolution/systematics","Naturalis Biodiversity Center","Non-profit","diamond_OA","Naturalis Biodiversity Center and the Westerdijk Fungal Biodiversity Institute","Uni/Gov","https://www.persoonia.org/",0,3.725,"none","Persoonia","Persoonia - Molecular Phylogeny and Evolution of Fungi","0031-5850","0031-5850 | 1878-9080"
"Plant Ecology and Evolution","evolution/systematics","Meise Botanic Garden / Royal Botanical Society of Belgium","Non-profit","diamond_OA","Meise Botanic Garden / Royal Botanical Society of Belgium","Society","https://plecevo.eu/",0,0.382,"none","Plant Ecology and Evolution","Plant Ecology and Evolution","2032-3913","2032-3913 | 2032-3921"
"Raffles Bulletin of Zoology","evolution/systematics","Lee Kong Chian Natural History Museum","Non-profit","diamond_OA","Lee Kong Chian Natural History Museum","Museum","https://lkcnhm.nus.edu.sg/publications/raffles-bulletin-of-zoology/",0,0.4,"none","Raffles Bulletin of Zoology","Â˜The ÂœRaffles bulletin of zoology","0217-2445","0217-2445"
"Records of the Australian Museum","evolution/systematics","Australian Museum","Non-profit","diamond_OA","Australian Museum","Museum","https://australian.museum/learn/publications/records-of-the-australian-museum-journal/",0,0.244,"none","Records of the Australian Museum","Records of the Australian Museum","0067-1975","0067-1975 | 2201-4349"
"Revue Suisse de Zoologie","evolution/systematics","BioOne","Non-profit","OA","Geneva Museum / Swiss Zoological Society","Society","https://bioone.org/journals/revue-suisse-de-zoologie",153,0.377,"none","Revue Suisse de Zoologie","Revue suisse de zoologie","0035-418X","0035-418X"
"Systematic Biology","evolution/systematics","Oxford University Press","University Press","hybrid","Society of Systematic Biologists","Society","https://academic.oup.com/sysbio",1820,6.183,"none","Systematic Biology","Systematic Biology","1063-5157","1063-5157 | 1076-836X"
"Systematic Botany","evolution/systematics","BioOne","Non-profit","hybrid","American Society of Plant Taxonomists","Society","https://www.aspt.net/publications/sysbot",459,0.409,"none","Systematic Botany","Systematic Botany","0363-6445","0363-6445 | 1548-2324"
"Systematic Entomology","evolution/systematics","Wiley","For-profit","hybrid","The Royal Entomological Society","Society","https://onlinelibrary.wiley.com/journal/13653113",3600,1.539,"none","Systematic Entomology","Systematic Entomology","0307-6970","0307-6970 | 1365-3113"
"Taxon","evolution/systematics","Wiley","For-profit","hybrid","International Association for Plant Taxonomy","Society","https://onlinelibrary.wiley.com/journal/19968175",2200,0.709,"none","Taxon","Taxon","0040-0262","0040-0262 | 1996-8175"
"Transactions of the American Entomological Society","evolution/systematics","BioOne","Non-profit","subscription","The American Entomological Society","Society","https://bioone.org/journals/transactions-of-the-american-entomological-society",NA,0.268,"none","Transactions of the American Entomological Society","Transactions of the American Entomological Society","0002-8320","0002-8320 | 2162-3139"
"Zoologia","evolution/systematics","Sociedade Brasileira de Zoologia","Non-profit","OA","Sociedade Brasileira de Zoologia","Society","http://www.sbzoologia.org.br/revista-zoologia.php",229,0.31,"none","Zoologia","Revista Brasileira de Zoologia","0101-8175","0101-8175 | 1806-969X"
"Zoologica Scripta","evolution/systematics","Wiley","For-profit","hybrid","Norwegian Academy of Science and Letters / Royal Swedish Academy of Sciences","Uni/Gov","https://onlinelibrary.wiley.com/journal/14636409",3090,0.974,"none","Zoologica Scripta","Zoologica Scripta","0300-3256","0300-3256 | 1463-6409"
"Zoological Journal of the Linnean Society","evolution/systematics","Oxford University Press","University Press","hybrid","Linnean Society","Society","https://academic.oup.com/zoolinnean",2872,1.112,"none","Zoological Journal of the Linnean Society","Zoological Journal of the Linnean Society","0024-4082","0024-4082 | 1096-3642"
"Zoological Research","evolution/systematics","Science Press Ltd","Non-profit","OA","Kunming Institute of Zoology / Chinese Academy of Sciences / China Zoological Society","Society","https://www.zoores.ac.cn/",1378,NA,"none","Zoological Research","Journal of Zoological Systematics & Evolutionary Research","0947-5745","0947-5745 | 1439-0469"
"Zoological Science","evolution/systematics","BioOne","Non-profit","hybrid","Zoological Society of Japan","Society","https://bioone.org/journals/zoological-science",635,0.294,"none","Zoological Science","ZOOLOGICAL SCIENCE","0289-0003","0289-0003 | 2212-3830"
"Zoological Studies","evolution/systematics","Academia Sinica Taiwan","Non-profit","diamond_OA","Biodiversity Research Center Academia Sinica Taiwan","Uni/Gov","https://zoolstud.sinica.edu.tw/",0,0.675,"none","Zoological Studies","Zoological studies","1021-5506","1021-5506 | 1810-522X"
"Zoosystema","evolution/systematics","Museum National d'Histoire Naturelle","Non-profit","diamond_OA","Museum National d'Histoire Naturelle","Museum","https://sciencepress.mnhn.fr/fr/periodiques/zoosystema",0,0.673,"PCI friendly","Zoosystema","Zoosystema","1280-9551","1280-9551 | 1638-9387"
"Zoosystematics and Evolution","evolution/systematics","Pensoft","For-profit","OA","Museum for Natural History Berlin","Museum","https://zse.pensoft.net/",0,0.694,"none","Zoosystematics and Evolution","Zoosystematics and Evolution","1435-1935","1435-1935 | 1860-0743"
