"oa_source_id","prop_np_mean","prop_np_sd","prop_fp_mean","prop_fp_sd","prop_np_found_mean","prop_np_found_sd","prop_fp_found_mean","prop_fp_found_sd","prop_nadafnee_mean","prop_nadafnee_sd","oa_source_name","journal","publisher_type","business_model","institution_type"
"https://openalex.org/S102181007",0.3275,0.1318,0.0189,0.0346,0.9357,0.1194,0.0643,0.1194,0.6536,0.126,"INTERNATIONAL JOURNAL OF SYSTEMATIC AND EVOLUTIONARY MICROBIOLOGY","International Journal of Systematic and Evolutionary Microbiology","np","hybrid","Society"
"https://openalex.org/S102998770",0.09,0.0505,0.3813,0.1337,0.1968,0.1031,0.8032,0.1031,0.5287,0.1359,"Journal of Vegetation Science","Journal of Vegetation Science","fp","hybrid","Society"
"https://openalex.org/S103035011",0.1404,0.0965,0.0094,0.0317,0.9038,0.2501,0.0401,0.1169,0.8502,0.1043,"Journal of General Virology","Journal of General Virology","np","hybrid","Society"
"https://openalex.org/S103356783",0.2159,0.1077,0.1016,0.085,0.6962,0.2028,0.2958,0.1947,0.6825,0.1455,"Integrative and Comparative Biology","Integrative and Comparative Biology","np","hybrid","Society"
"https://openalex.org/S103871702",0.189,0.072,0.1764,0.0734,0.5216,0.1561,0.4784,0.1561,0.6346,0.1048,"Acta Herpetologica","Acta Herpetologica","np","diamond_OA","Society"
"https://openalex.org/S104292366",0.1138,0.0713,0.2633,0.1412,0.3134,0.1828,0.6768,0.1923,0.6229,0.1678,"Landscape Ecology","Landscape Ecology","fp","hybrid","Society"
"https://openalex.org/S104414929",0.1163,0.0679,0.179,0.1367,0.4343,0.2156,0.5657,0.2156,0.7047,0.1578,"Plant Biology","Plant Biology","fp","hybrid","Society"
"https://openalex.org/S110937496",0.1491,0.1519,0.1806,0.1468,0.422,0.3745,0.528,0.3819,0.6703,0.1759,"Annales Botanici Fennici","Annales Botanici Fennici","np","hybrid","Uni/Gov"
"https://openalex.org/S11271929",0.1295,0.0618,0.3713,0.1111,0.262,0.1215,0.738,0.1215,0.4992,0.1184,"Journal of Ecology","Journal of Ecology","fp","hybrid","Society"
"https://openalex.org/S1131227",0.1455,0.1104,0.2362,0.1506,0.3948,0.2398,0.6005,0.2418,0.6183,0.1742,"Methods in Ecology and Evolution","Methods in Ecology and Evolution","fp","OA","Society"
"https://openalex.org/S114265159",0.2503,0.1528,0.1925,0.105,0.5346,0.2043,0.4654,0.2043,0.5573,0.1824,"The Bryologist","Bryologist","np","hybrid","Society"
"https://openalex.org/S114405033",0.2479,0.0865,0.1877,0.1063,0.6063,0.2015,0.3937,0.2015,0.5644,0.144,"Acta Chiropterologica","Acta Chiropterologica","np","subscription","Museum"
"https://openalex.org/S114498453",0.2887,0.1804,0.2347,0.1343,0.5342,0.2196,0.4473,0.2158,0.4766,0.1912,"Waterbirds","Waterbirds","np","subscription","Society"
"https://openalex.org/S115310785",0.1513,0.1108,0.1374,0.117,0.5613,0.2786,0.4288,0.2762,0.7113,0.1678,"Canadian Journal of Forest Research","Canadian Journal of Forest Research","np","hybrid","Society"
"https://openalex.org/S116585955",0.1711,0.0651,0.1473,0.1533,0.6173,0.2485,0.3827,0.2485,0.6816,0.1531,"Gayana","Gayana","np","OA","Uni/Gov"
"https://openalex.org/S117207475",0.1469,0.0922,0.0837,0.0773,0.6271,0.2649,0.3426,0.2475,0.7694,0.1025,"African Entomology","African Entomology","np","OA","Society"
"https://openalex.org/S117411352",0.0103,0.0239,0.0539,0.0561,0.1228,0.2486,0.669,0.4192,0.9358,0.0626,"International Journal of Remote Sensing","International Journal of Remote Sensing","fp","hybrid","Society"
"https://openalex.org/S118554560",0.1158,0.0837,0.1869,0.1241,0.3772,0.2299,0.6228,0.2299,0.6973,0.1578,"Botany","Botany","fp","hybrid","Society"
"https://openalex.org/S119003425",0.1254,0.0853,0.0263,0.0464,0.8618,0.2631,0.1382,0.2631,0.8483,0.0883,"Comptes Rendus Biologies","Comptes Rendus Biologies","np","diamond_OA","Uni/Gov"
"https://openalex.org/S11925254",0.2358,0.0965,0.1863,0.1272,0.5946,0.2472,0.4054,0.2472,0.5779,0.1303,"Herpetologica","Herpetologica","np","hybrid","Society"
"https://openalex.org/S119405978",0.2647,0.1072,0.1808,0.1217,0.6048,0.2224,0.3952,0.2224,0.5545,0.1472,"Annual Review of Ecology Evolution and Systematics","Annual Review of Ecology Evolution and Systematics","np","subscription","Non-profit"
"https://openalex.org/S119583998",0.1144,0.1286,0.0767,0.1067,0.5278,0.4524,0.3056,0.4002,0.8089,0.1727,"Adansonia","Adansonia","np","diamond_OA","Museum"
"https://openalex.org/S12023821",0.2597,0.122,0.1262,0.106,0.6657,0.253,0.2958,0.2218,0.6141,0.1447,"Journal of Arachnology","Journal of Arachnology","np","hybrid","Society"
"https://openalex.org/S121360315",0.3096,0.1045,0.2267,0.0897,0.576,0.1407,0.424,0.1407,0.4636,0.112,"Behavioral Ecology","Behavioral Ecology","np","hybrid","Society"
"https://openalex.org/S121830084",0.2,0.1381,0.1501,0.1158,0.5731,0.2683,0.4124,0.2638,0.6498,0.1628,"BioScience","Bioscience","np","hybrid","Non-profit"
"https://openalex.org/S122176235",0.3174,0.1045,0.2332,0.123,0.595,0.1846,0.405,0.1846,0.4494,0.1363,"The American Naturalist","American Naturalist","np","hybrid","Society"
"https://openalex.org/S123258744",0.2068,0.1131,0.0457,0.077,0.8628,0.2048,0.1372,0.2048,0.7475,0.1274,"Transactions of the American Entomological Society","Transactions of the American Entomological Society","np","subscription","Society"
"https://openalex.org/S125754415",0.1475,0.1012,0.0208,0.0567,0.9049,0.2097,0.0704,0.1527,0.8317,0.1298,"Proceedings of the National Academy of Sciences","Proceedings of the National Academy of Sciences of the USA","np","hybrid","Uni/Gov"
"https://openalex.org/S125941916",0.1745,0.1355,0.184,0.1164,0.4634,0.3012,0.4652,0.3014,0.6415,0.1874,"Chelonian Conservation and Biology","Chelonian Conservation and Biology","fp","hybrid","Non-profit"
"https://openalex.org/S126748203",0.1871,0.083,0.0979,0.0854,0.6769,0.1795,0.3231,0.1795,0.715,0.1212,"Zoological Journal of the Linnean Society","Zoological Journal of the Linnean Society","np","hybrid","Society"
"https://openalex.org/S127086887",0.0354,0.04,0.0528,0.0686,0.3825,0.3712,0.4224,0.3818,0.9119,0.084,"Helminthologia","Helminthologia","fp","OA","Uni/Gov"
"https://openalex.org/S127668553",0.0676,0.0513,0.1877,0.1219,0.2764,0.1853,0.7141,0.1962,0.7447,0.15,"Wetlands","Wetlands","fp","hybrid","Society"
"https://openalex.org/S128544920",0.0815,0.0788,0.1758,0.1877,0.3144,0.2496,0.6391,0.2789,0.7427,0.2033,"Journal of Limnology","Journal of Limnology","fp","OA","Uni/Gov"
"https://openalex.org/S129893106",0.2156,0.1273,0.2436,0.1086,0.4583,0.1826,0.5417,0.1826,0.5409,0.1517,"Wildlife Research","Wildlife Research","np","hybrid","Uni/Gov"
"https://openalex.org/S130157274",0.0649,0.0713,0.1378,0.123,0.282,0.2396,0.6391,0.2939,0.7972,0.1587,"Tropical Ecology","Tropical Ecology","fp","hybrid","Society"
"https://openalex.org/S130567056",0.0874,0.1263,0.0574,0.082,0.4947,0.3958,0.2984,0.3399,0.8552,0.1601,"Journal of Coastal Research","Journal of Coastal Research","np","Subscription","Society"
"https://openalex.org/S130807758",0.1341,0.0635,0.2477,0.1103,0.365,0.162,0.635,0.162,0.6182,0.1218,"Coral Reefs","Coral Reefs","fp","hybrid","Society"
"https://openalex.org/S131039555",0.1263,0.0756,0.0074,0.012,0.9528,0.0679,0.0472,0.0679,0.8662,0.0783,"Virologie","Virologie","fp","hybrid","Society"
"https://openalex.org/S131171954",0.1124,0.1005,0.0745,0.0748,0.5948,0.308,0.3767,0.2974,0.813,0.1398,"Aquatic Ecosystem Health & Management","Aquatic Ecosystem Health & Management","np","subscription","Society"
"https://openalex.org/S13255006",0.2053,0.0991,0.3073,0.1207,0.4012,0.1821,0.5988,0.1821,0.4874,0.1162,"Ornis Fennica","Ornis Fennica","np","diamond_OA","Non-profit"
"https://openalex.org/S133530468",0.1674,0.1027,0.2038,0.1069,0.4495,0.2157,0.5505,0.2157,0.6288,0.1495,"Conservation Letters","Conservation Letters","fp","OA","Society"
"https://openalex.org/S1336409049",0.1296,0.08,0.0111,0.0353,0.9269,0.1833,0.0528,0.1257,0.8592,0.0941,"eLife","eLife","np","OA","Non-profit"
"https://openalex.org/S133660675",0.0804,0.0534,0.1961,0.1027,0.2974,0.1774,0.655,0.2221,0.7235,0.1216,"European Journal of Phycology","European Journal of Phycology","fp","hybrid","Society"
"https://openalex.org/S134698528",0.1686,0.0822,0.2173,0.1364,0.4576,0.198,0.5268,0.2008,0.6141,0.1591,"Journal of Chemical Ecology","Journal of Chemical Ecology","fp","hybrid","Society"
"https://openalex.org/S135316137",0.1224,0.09,0.3298,0.1996,0.2924,0.2016,0.7076,0.2016,0.5478,0.1915,"Wildlife Society Bulletin","Wildlife Society Bulletin","fp","hybrid","Society"
"https://openalex.org/S135734010",0.0372,0.0473,0.1749,0.1176,0.1583,0.191,0.8417,0.191,0.7879,0.1318,"Weed Research","Weed Research","fp","hybrid","Society"
"https://openalex.org/S136710263",0.0497,0.0584,0.172,0.1487,0.2479,0.2441,0.7259,0.2686,0.7783,0.1499,"Environmental Toxicology and Chemistry","Environmental Toxicology and Chemistry","fp","hybrid","Society"
"https://openalex.org/S137961447",0.1403,0.0621,0.0459,0.0347,0.7511,0.1752,0.2489,0.1752,0.8138,0.0756,"Insect Molecular Biology","Insect Molecular Biology","fp","hybrid","Society"
"https://openalex.org/S138169916",0.285,0.1098,0.1531,0.0817,0.6563,0.145,0.3437,0.145,0.5619,0.1525,"Journal of Evolutionary Biology","Journal of Evolutionary Biology","fp","hybrid","Society"
"https://openalex.org/S139016016",0.1156,0.0641,0.2898,0.1208,0.2884,0.1317,0.6924,0.159,0.5945,0.143,"International Journal of Primatology","International Journal of Primatology","fp","hybrid","Society"
"https://openalex.org/S139876745",0.0741,0.0883,0.1156,0.1308,0.283,0.3194,0.3836,0.3722,0.8102,0.1592,"Scientia Marina","Scientia Marina","np","diamond_OA","Uni/Gov"
"https://openalex.org/S14053799",0.1047,0.0729,0.2685,0.147,0.2973,0.2071,0.6819,0.2257,0.6268,0.1578,"African Journal of Ecology","African Journal of Ecology","fp","hybrid","Society"
"https://openalex.org/S140906811",0.0784,0.0542,0.2684,0.1601,0.2421,0.1689,0.7393,0.1947,0.6532,0.1753,"Phycologia","Phycologia","fp","hybrid","Society"
"https://openalex.org/S141356220",0.1613,0.0907,0.0785,0.0875,0.683,0.245,0.3042,0.2347,0.7602,0.1308,"Journal of Crustacean Biology","Journal of Crustacean Biology","np","hybrid","Society"
"https://openalex.org/S141665667",0.1402,0.1087,0.0514,0.0836,0.6786,0.4112,0.2038,0.3313,0.8084,0.1312,"Zoosystema","Zoosystema","np","diamond_OA","Museum"
"https://openalex.org/S142246141",0.1043,0.0952,0.1048,0.1294,0.4789,0.3574,0.4124,0.3469,0.791,0.1825,"Acta Amazonica","Acta Amazonica","np","diamond_OA","Uni/Gov"
"https://openalex.org/S142676987",0.3394,0.1701,0.2185,0.1234,0.6124,0.1993,0.3876,0.1993,0.4421,0.1929,"Journal of Raptor Research","Journal of Raptor Research","np","hybrid","Society"
"https://openalex.org/S144119614",0.0944,0.0662,0.1443,0.1238,0.4422,0.2463,0.5578,0.2463,0.7614,0.1448,"Annals of Forest Science","Annals of Forest Science","fp","OA","Uni/Gov"
"https://openalex.org/S144146645",0.1483,0.0731,0.2852,0.1072,0.3536,0.1792,0.6464,0.1792,0.5665,0.1038,"Animal Conservation","Animal Conservation","fp","hybrid","Society"
"https://openalex.org/S144797041",0.1428,0.0859,0.2052,0.1344,0.4399,0.2554,0.544,0.2587,0.652,0.1634,"Frontiers in Ecology and the Environment","Frontiers in Ecology and the Environment","fp","hybrid","Society"
"https://openalex.org/S146329739",0.2032,0.12,0.182,0.1131,0.5371,0.2089,0.4629,0.2089,0.6149,0.1657,"Canadian Journal of Zoology","Canadian Journal of Zoology","np","hybrid","Society"
"https://openalex.org/S146875840",0.1155,0.0904,0.2067,0.1351,0.3717,0.2684,0.6283,0.2684,0.6778,0.1353,"Fottea","Fottea","np","diamond_OA","Society"
"https://openalex.org/S146976949",0.2366,0.1397,0.0552,0.061,0.767,0.2631,0.1913,0.2124,0.7082,0.1489,"Journal of Economic Entomology","Journal of Economic Entomology","np","hybrid","Society"
"https://openalex.org/S148307540",0.107,0.0685,0.0629,0.0635,0.6594,0.243,0.3331,0.2378,0.8301,0.1024,"Ecology and Society","Ecology and Society","np","OA","Society"
"https://openalex.org/S149218730",0.1382,0.068,0.1296,0.0717,0.5257,0.1863,0.4743,0.1863,0.7322,0.1048,"The ISME Journal","ISME Journal","fp","hybrid","Society"
"https://openalex.org/S149394164",0.0717,0.0461,0.1527,0.096,0.3255,0.2225,0.6745,0.2225,0.7756,0.1211,"Knowledge and Management of Aquatic Ecosystems","Knowledge and Management of Aquatic Ecosystems","fp","diamond_OA","Uni/Gov"
"https://openalex.org/S149404603",0.1604,0.0719,0.264,0.1056,0.3877,0.1805,0.6123,0.1805,0.5757,0.0981,"Insect Conservation and Diversity","Insect Conservation & Diversity","fp","hybrid","Society"
"https://openalex.org/S150033744",0.091,0.0402,0.2453,0.1078,0.2853,0.1112,0.7147,0.1112,0.6637,0.1278,"Fungal Diversity","Fungal Diversity","fp","hybrid","Uni/Gov"
"https://openalex.org/S151331055",0.0161,0.0257,0.0874,0.084,0.1816,0.2911,0.7419,0.3573,0.8965,0.0851,"Personality and Individual Differences","Personality and Individual Differences","fp","hybrid","Society"
"https://openalex.org/S151641874",0.1752,0.0899,0.0876,0.0674,0.6685,0.2116,0.3315,0.2116,0.7371,0.1137,"Journal of Molluscan Studies","Journal of Molluscan Studies","np","hybrid","Society"
"https://openalex.org/S152775278",0.0427,0.0501,0.1682,0.1237,0.1958,0.1656,0.8042,0.1656,0.7891,0.1542,"Conservation and Society","Conservation & Society","fp","OA","Uni/Gov"
"https://openalex.org/S152904045",0.3088,0.1029,0.2107,0.1222,0.6125,0.1713,0.3875,0.1713,0.4805,0.1428,"Ornithology","Ornithology","np","hybrid","Society"
"https://openalex.org/S153317304",0.2786,0.1186,0.1461,0.0993,0.6712,0.1888,0.3288,0.1888,0.5753,0.1521,"Biology Letters","Biology Letters","np","hybrid","Society"
"https://openalex.org/S153676216",0.2359,0.1704,0.2412,0.1498,0.4624,0.2862,0.5043,0.2887,0.5229,0.1702,"Mammal Study","Mammal Study","np","hybrid","Society"
"https://openalex.org/S153677060",0.1119,0.0783,0.1281,0.0903,0.4579,0.2966,0.5208,0.2989,0.76,0.1117,"Journal of the Marine Biological Association of the United Kingdom","Journal of the Marine Biological Association of the United Kingdom","fp","hybrid","Non-profit"
"https://openalex.org/S154213423",0.0777,0.0575,0.1168,0.1073,0.444,0.277,0.5004,0.283,0.8056,0.1314,"Fungal Biology Reviews","Fungal Biology Reviews","fp","subscription","Society"
"https://openalex.org/S154343897",0.1776,0.1448,0.0265,0.0632,0.8963,0.2079,0.082,0.1599,0.7959,0.1717,"PLoS Biology","PLoS Biology","np","OA","Non-profit"
"https://openalex.org/S15478688",0.2305,0.1101,0.2703,0.1016,0.4542,0.1824,0.5458,0.1824,0.4992,0.1109,"Ardeola","Ardeola","np","subscription","Non-profit"
"https://openalex.org/S157690423",0.2518,0.0929,0.2548,0.0971,0.4996,0.148,0.5004,0.148,0.4934,0.1206,"Animal Behaviour","Animal Behaviour","fp","hybrid","Society"
"https://openalex.org/S158789388",0.1594,0.1097,0.1307,0.0862,0.5109,0.2636,0.4422,0.2573,0.7099,0.132,"Journal of Hymenoptera Research","Journal of Hymenoptera Research","fp","OA","Society"
"https://openalex.org/S159699259",0.188,0.106,0.1721,0.0731,0.5122,0.1581,0.4878,0.1581,0.6398,0.1216,"Botanical Journal of the Linnean Society","Botanical Journal of the Linnean Society","np","hybrid","Society"
"https://openalex.org/S160223955",0.1832,0.1147,0.0376,0.0585,0.8818,0.181,0.1182,0.181,0.7792,0.1497,"Cold Spring Harbor Perspectives in Biology","Cold Spring Harbor Perspectives in Biology","np","subscription","Non-profit"
"https://openalex.org/S163259234",0.2351,0.1488,0.0305,0.0528,0.8481,0.2502,0.111,0.1795,0.7344,0.1489,"Acarologia","Acarologia","np","diamond_OA","Uni/Gov"
"https://openalex.org/S163860444",0.1382,0.0982,0.2628,0.2402,0.3994,0.2526,0.6006,0.2526,0.5991,0.2189,"Taxon","Taxon","fp","hybrid","Society"
"https://openalex.org/S164789166",0.107,0.0687,0.2133,0.1106,0.3472,0.1939,0.6528,0.1939,0.6797,0.1233,"Journal of Phycology","Journal of Phycology","fp","hybrid","Society"
"https://openalex.org/S165027284",0.1434,0.0907,0.1355,0.089,0.5105,0.263,0.4728,0.2618,0.7211,0.1373,"Acta Botanica Brasilica","Acta Botanica Brasilica","np","OA","Society"
"https://openalex.org/S165569574",0.2441,0.1394,0.2096,0.1282,0.5512,0.2228,0.4488,0.2228,0.5463,0.15,"Journal of Mammalogy","Journal of Mammalogy","np","hybrid","Society"
"https://openalex.org/S166870025",0.1262,0.06,0.3082,0.1204,0.3007,0.1392,0.6993,0.1392,0.5656,0.1318,"Ecological Applications","Ecological Applications","fp","hybrid","Society"
"https://openalex.org/S170105747",0.1097,0.0937,0.1443,0.157,0.4501,0.2298,0.5499,0.2298,0.7461,0.1983,"Hormones and Behavior","Hormones and Behavior","fp","hybrid","Society"
"https://openalex.org/S17068196",0.1639,0.0799,0.2942,0.122,0.3641,0.1617,0.6359,0.1617,0.5419,0.1324,"Biotropica","Biotropica","fp","hybrid","Society"
"https://openalex.org/S171033905",0.0519,0.0566,0.0413,0.0406,0.4761,0.3788,0.4412,0.3749,0.9068,0.068,"Letters in Applied Microbiology","Letters in Applied Microbiology","fp","hybrid","Society"
"https://openalex.org/S171282171",0.1011,0.0576,0.1553,0.0879,0.4103,0.195,0.5833,0.1978,0.7436,0.1072,"FEMS Microbiology Ecology","FEMS Microbiology Ecology","fp","hybrid","Society"
"https://openalex.org/S173817438",0.1633,0.1359,0.1845,0.1401,0.4002,0.3872,0.5998,0.3872,0.6522,0.2109,"Cryptogamie Mycologie","Cryptogamie Mycologie","np","diamond_OA","Museum"
"https://openalex.org/S17425584",0.0543,0.0416,0.1011,0.088,0.399,0.2843,0.576,0.2921,0.8447,0.0992,"Agronomy for Sustainable Development","Agronomy for Sustainable Development","fp","hybrid","Uni/Gov"
"https://openalex.org/S174303711",0.1747,0.1005,0.3029,0.1256,0.3662,0.1803,0.6338,0.1803,0.5224,0.1403,"Functional Ecology","Functional Ecology","fp","hybrid","Society"
"https://openalex.org/S175034139",0.1568,0.0689,0.34,0.1393,0.3396,0.175,0.6604,0.175,0.5033,0.1315,"Wildlife Biology","Wildlife Biology","fp","OA","Society"
"https://openalex.org/S175935889",0.1773,0.0746,0.2512,0.1,0.4153,0.1607,0.5847,0.1607,0.5714,0.1317,"Mammal Review","Mammal Review","fp","hybrid","Society"
"https://openalex.org/S177710124",0.2706,0.2001,0.081,0.1023,0.7256,0.3345,0.229,0.2979,0.6484,0.2012,"The Coleopterists Bulletin","Coleopterists Bulletin","np","subscription","Society"
"https://openalex.org/S178451187",0.1019,0.0848,0.1901,0.1445,0.3643,0.2852,0.5979,0.3004,0.708,0.162,"Nordic Journal of Botany","Nordic Journal of Botany","fp","hybrid","Society"
"https://openalex.org/S179032277",0.0822,0.0986,0.1333,0.1527,0.3203,0.4,0.4297,0.4373,0.7845,0.1589,"Cryptogamie Algologie","Cryptogamie Algologie","np","diamond_OA","Museum"
"https://openalex.org/S179963793",0.0651,0.0508,0.3561,0.1277,0.1554,0.1109,0.8446,0.1109,0.5788,0.1307,"Applied Vegetation Science","Applied Vegetation Science","fp","hybrid","Society"
"https://openalex.org/S182829932",0.194,0.1086,0.22,0.1236,0.4758,0.2182,0.5242,0.2182,0.5859,0.1503,"American Fern Journal","American Fern Journal","np","subscription","Society"
"https://openalex.org/S184316860",0.0337,0.0422,0.0713,0.0865,0.297,0.3145,0.5751,0.3673,0.895,0.1087,"Journal of Arid Land","Journal of Arid Land","fp","hybrid","Uni/Gov"
"https://openalex.org/S185825760",0.2508,0.1133,0.1875,0.1232,0.5834,0.2388,0.4166,0.2388,0.5616,0.1215,"Australian Journal of Zoology","Australian Journal of Zoology","np","hybrid","Uni/Gov"
"https://openalex.org/S18660344",0.1046,0.0833,0.2541,0.1257,0.2857,0.2229,0.7143,0.2229,0.6412,0.1381,"Fungal ecology","Fungal Ecology","fp","subscription","Society"
"https://openalex.org/S187344466",0.0734,0.0548,0.0999,0.088,0.4524,0.2908,0.5205,0.294,0.8268,0.1172,"Fungal Biology","Fungal Biology","fp","hybrid","Society"
"https://openalex.org/S188482970",0.2278,0.0766,0.2689,0.1225,0.4771,0.1703,0.5229,0.1703,0.5033,0.1378,"Ornithological Applications","Ornithological Applications","np","hybrid","Society"
"https://openalex.org/S188770946",0.0737,0.0524,0.2008,0.1135,0.284,0.1892,0.6985,0.2078,0.7255,0.1358,"Mycologia","Mycologia","fp","subscription","Society"
"https://openalex.org/S190005928",0.2582,0.0978,0.0883,0.0651,0.7546,0.1331,0.2454,0.1331,0.6535,0.1252,"Invertebrate Systematics","Invertebrate Systematics","np","hybrid","Uni/Gov"
"https://openalex.org/S190011727",0.1748,0.0857,0.0952,0.0509,0.6269,0.1849,0.3731,0.1849,0.73,0.1059,"Organisms Diversity & Evolution","Organisms Diversity & Evolution","fp","hybrid","Society"
"https://openalex.org/S190575794",0.3889,NA,0.0556,NA,0.875,NA,0.125,NA,0.5556,NA,"Zoological studies","Zoological Studies","np","diamond_OA","Uni/Gov"
"https://openalex.org/S191257319",0.0969,0.063,0.2788,0.1357,0.264,0.1619,0.736,0.1619,0.6243,0.1475,"Restoration Ecology","Restoration Ecology","fp","hybrid","Society"
"https://openalex.org/S191597982",0.0637,0.0782,0.0953,0.0817,0.3433,0.3219,0.5788,0.3496,0.841,0.1152,"Journal of Coastal Conservation","Journal of Coastal Conservation","fp","hybrid","Non-profit"
"https://openalex.org/S191717031",0.1926,0.0954,0.1749,0.1048,0.5465,0.2252,0.4535,0.2252,0.6325,0.1445,"Systematic Botany","Systematic Botany","np","hybrid","Society"
"https://openalex.org/S193683933",0.1471,0.0683,0.1568,0.1402,0.5263,0.1986,0.4737,0.1986,0.6961,0.1621,"Annales Zoologici Fennici","Annales Zoologici Fennici","np","hybrid","Uni/Gov"
"https://openalex.org/S194129668",0.185,0.0697,0.2273,0.1111,0.4655,0.1593,0.5345,0.1593,0.5877,0.1193,"Bird Conservation International","Bird Conservation International","np","hybrid","Non-profit"
"https://openalex.org/S194236184",0.1288,0.082,0.2317,0.1194,0.3507,0.1692,0.6493,0.1692,0.6395,0.171,"Urban Ecosystems","Urban Ecosystems","fp","hybrid","Society"
"https://openalex.org/S194652459",0.2394,0.1281,0.1811,0.0844,0.5621,0.192,0.4379,0.192,0.5795,0.1222,"New Zealand Journal of Ecology","New Zealand Journal of Ecology","np","OA","Society"
"https://openalex.org/S194752149",0.1041,0.0657,0.2865,0.1417,0.2831,0.1658,0.7169,0.1658,0.6094,0.1459,"American Journal of Primatology","American Journal of Primatology","fp","subscription","Society"
"https://openalex.org/S196799759",0.1734,0.1145,0.0299,0.0404,0.8579,0.1701,0.1421,0.1701,0.7967,0.121,"Microbiology","Microbiology","np","hybrid","Society"
"https://openalex.org/S197402693",0.2474,0.0955,0.2275,0.0985,0.5239,0.1536,0.4761,0.1536,0.5252,0.1191,"Journal of Field Ornithology","Journal of Field Ornithology","fp","hybrid","Society"
"https://openalex.org/S197406704",0.2359,0.0954,0.1166,0.0855,0.6989,0.2042,0.3011,0.2042,0.6475,0.1324,"The Canadian Entomologist","Canadian Entomologist","np","hybrid","Society"
"https://openalex.org/S197671267",0.2614,0.1021,0.2775,0.1233,0.5063,0.1769,0.4937,0.1769,0.4611,0.1518,"Ardea","Ardea","np","hybrid","Society"
"https://openalex.org/S199286587",0.1523,0.0918,0.2098,0.0954,0.414,0.1905,0.586,0.1905,0.6379,0.1211,"Marine Mammal Science","Marine Mammal Science","fp","hybrid","Society"
"https://openalex.org/S199296737",0.1653,0.1037,0.3832,0.1679,0.3117,0.1765,0.6883,0.1765,0.4515,0.1538,"Bird Study","Bird Study","fp","subscription","Non-profit"
"https://openalex.org/S200038611",0.1842,0.1124,0.1245,0.0923,0.6054,0.2192,0.3897,0.2167,0.6913,0.1333,"ICES Journal of Marine Science","ICES Journal of Marine Science","np","OA","Society"
"https://openalex.org/S200472310",0.1057,0.1573,0.1798,0.1323,0.2307,0.2891,0.6264,0.3867,0.7145,0.2059,"Cryptogamie Bryologie","Cryptogamie Bryologie","np","diamond_OA","Museum"
"https://openalex.org/S200794352",0.17,0.0853,0.3397,0.1117,0.3328,0.1463,0.6672,0.1463,0.4903,0.1203,"Oikos","Oikos","fp","hybrid","Society"
"https://openalex.org/S201386569",0.1702,0.0679,0.3177,0.1228,0.3627,0.1478,0.6373,0.1478,0.5121,0.1339,"Ecological Monographs","Ecological Monographs","fp","hybrid","Society"
"https://openalex.org/S202303835",0.1332,0.1842,0.0503,0.1041,0.3704,0.4843,0.1852,0.3768,0.8166,0.1997,"Amphibia-Reptilia","Amphibia-Reptilia","fp","hybrid","Society"
"https://openalex.org/S202381698",0.0511,0.0634,0.0153,0.0497,0.6156,0.4487,0.1029,0.2387,0.9336,0.0922,"PLoS ONE","PLoS ONE","np","OA","Non-profit"
"https://openalex.org/S20257348",0.3017,0.145,0.0884,0.0814,0.7772,0.1751,0.2228,0.1751,0.6099,0.1559,"Journal of Experimental Biology","Journal of Experimental Biology","np","hybrid","Non-profit"
"https://openalex.org/S205086949",0.2066,0.0905,0.2464,0.113,0.4638,0.1558,0.5362,0.1558,0.5469,0.1551,"American Journal of Botany","American Journal of Botany","fp","hybrid","Society"
"https://openalex.org/S205679754",0.0378,0.0417,0.0948,0.0695,0.2719,0.2638,0.7117,0.2772,0.8674,0.092,"Pedosphere","Pedosphere","fp","subscription","Society"
"https://openalex.org/S207270806",0.1506,0.0898,0.1264,0.0941,0.5516,0.2708,0.4288,0.2662,0.723,0.1294,"Mediterranean Marine Science","Mediterranean Marine Science","np","diamond_OA","Uni/Gov"
"https://openalex.org/S22041155",0.1345,0.0646,0.2168,0.1206,0.4263,0.1991,0.5737,0.1991,0.6487,0.142,"Ecoscience","Ecoscience","fp","hybrid","Uni/Gov"
"https://openalex.org/S2254258",0.1869,0.1086,0.2193,0.1123,0.4686,0.178,0.5314,0.178,0.5938,0.1562,"Annals of Botany","Annals of Botany","np","hybrid","Non-profit"
"https://openalex.org/S23218126",0.0731,0.0539,0.1112,0.0869,0.4134,0.285,0.5241,0.2972,0.8157,0.1212,"Aquatic Living Resources","Aquatic Living Resources","fp","diamond_OA","Uni/Gov"
"https://openalex.org/S2485448675",0.1417,0.1516,0.0281,0.0604,0.8688,0.24,0.1079,0.1987,0.8302,0.1628,"Interface Focus","Interface Focus","np","hybrid","Society"
"https://openalex.org/S2486232989",0.1489,0.0741,0.1579,0.1178,0.5322,0.2554,0.4678,0.2554,0.6932,0.1287,"Animal Biodiversity and Conservation","Animal Biodiversity and Conservation","np","diamond_OA","Museum"
"https://openalex.org/S24891482",0.2306,0.2199,0.0675,0.112,0.6868,0.3592,0.2299,0.2998,0.7019,0.2243,"Annales Zoologici","Annales Zoologici","np","subscription","Uni/Gov"
"https://openalex.org/S2490919458",0.141,0.0711,0.1358,0.0897,0.5204,0.228,0.4796,0.228,0.7232,0.0964,"Freshwater Science","Freshwater Science","np","hybrid","Society"
"https://openalex.org/S2491293328",0.1709,0.1077,0.0645,0.0571,0.7631,0.1805,0.2369,0.1805,0.7646,0.1512,"Annual Review of Animal Biosciences","Annual Review of Animal Biosciences","np","subscription","Non-profit"
"https://openalex.org/S2505486193",0.0976,0.0551,0.234,0.111,0.2901,0.137,0.7099,0.137,0.6685,0.134,"Alpine Botany","Alpine Botany","fp","hybrid","Society"
"https://openalex.org/S25093289",0.1684,0.0857,0.2874,0.1147,0.3813,0.1863,0.6187,0.1863,0.5442,0.1289,"Ecography","Ecography","fp","OA","Society"
"https://openalex.org/S25612858",0.0298,0.0354,0.0907,0.086,0.2286,0.2208,0.7329,0.2614,0.8794,0.0976,"European Journal of Soil Science","European Journal of Soil Science","fp","hybrid","Society"
"https://openalex.org/S25861425",0.14,0.0425,0.1845,0.1073,0.4633,0.1631,0.5367,0.1631,0.6754,0.1208,"Belgian journal of zoology","Belgian Journal of Zoology","np","diamond_OA","Society"
"https://openalex.org/S26519103",0.0774,0.0524,0.1984,0.1099,0.3136,0.2189,0.6864,0.2189,0.7242,0.1324,"Mycological Progress","Mycological Progress","fp","hybrid","Society"
"https://openalex.org/S26596028",0.1955,0.0832,0.1486,0.107,0.5969,0.1916,0.4031,0.1916,0.6559,0.1266,"Entomologia Experimentalis et Applicata","Entomologia Experimentalis et Applicata","fp","hybrid","Society"
"https://openalex.org/S2734413303",0.1474,0.1718,0.0161,0.0627,0.8548,0.3136,0.0472,0.1377,0.8366,0.1879,"National Science Review","National Science Review","np","OA","Uni/Gov"
"https://openalex.org/S2734435911",0.1968,0.0919,0.1585,0.0878,0.5684,0.1772,0.4316,0.1772,0.6447,0.1363,"Conservation Physiology","Conservation Physiology","np","OA","Society"
"https://openalex.org/S2735356129",0.2216,0.0713,0.1141,0.0717,0.6774,0.1677,0.3226,0.1677,0.6644,0.0908,"Insect Systematics and Diversity","Insect Systematics and Diversity","np","hybrid","Society"
"https://openalex.org/S2735987199",0.1122,0.0724,0.2976,0.1238,0.2837,0.1897,0.7163,0.1897,0.5902,0.1482,"Journal of Plant Ecology","Journal of Plant Ecology","fp","OA","Society"
"https://openalex.org/S2736862409",0.1122,0.0631,0.2319,0.159,0.3645,0.1809,0.6355,0.1809,0.6559,0.1633,"Applications in Plant Sciences","Applications in Plant Sciences","fp","OA","Society"
"https://openalex.org/S2737072921",0.2009,0.0897,0.1131,0.081,0.6652,0.1834,0.3348,0.1834,0.6859,0.1382,"Revue de primatologie","Revue de Primatologie","np","diamond_OA","Society"
"https://openalex.org/S2737234030",0.101,0.0761,0.2266,0.1159,0.3011,0.1632,0.6989,0.1632,0.6723,0.148,"Remote Sensing in Ecology and Conservation","Remote Sensing in Ecology and Conservation","fp","OA","Society"
"https://openalex.org/S2737427234",0.1053,0.0754,0.0131,0.0438,0.9053,0.2345,0.0534,0.1409,0.8816,0.0984,"Science Advances","Science Advances","np","OA","Society"
"https://openalex.org/S2737558550",0.1522,0.1148,0.0675,0.1007,0.7745,0.2689,0.188,0.2241,0.7803,0.1847,"Royal Society Open Science","Royal Society Open Science","np","OA","Society"
"https://openalex.org/S2738063279",0.1406,0.13,0.0302,0.0713,0.8323,0.2956,0.1005,0.1943,0.8291,0.1666,"Biology Open","Biology Open","np","OA","Non-profit"
"https://openalex.org/S2739093061",0.0929,0.0422,0.2307,0.1021,0.3011,0.1383,0.6989,0.1383,0.6764,0.1212,"Mycosphere","Mycosphere","np","diamond_OA","Uni/Gov"
"https://openalex.org/S2764351231",0.1571,0.1049,0.0771,0.0718,0.6551,0.305,0.3116,0.2854,0.7659,0.1266,"European Journal of Taxonomy","European Journal of Taxonomy","np","diamond_OA","Museum"
"https://openalex.org/S2764388058",0.155,0.0718,0.2525,0.1453,0.4212,0.2334,0.5788,0.2334,0.5925,0.1262,"Web Ecology","Web Ecology","np","diamond_OA","Society"
"https://openalex.org/S2764395723",0.2071,0.1214,0.4133,0.1084,0.3161,0.202,0.6839,0.202,0.3796,0.1356,"Ringing & Migration","Ringing and Migration","fp","subscription","Society"
"https://openalex.org/S2764419951",0.1797,0.13,0.1493,0.126,0.5499,0.3223,0.423,0.3168,0.671,0.1663,"Journal of Threatened Taxa","Journal of Threatened Taxa","np","OA","Society"
"https://openalex.org/S2764429979",0.1652,0.1012,0.0785,0.0781,0.6771,0.2547,0.2991,0.236,0.7563,0.1247,"Zoosystematics and Evolution","Zoosystematics and Evolution","fp","OA","Museum"
"https://openalex.org/S2764437286",0.2222,0.1571,0.0556,0.0786,0.75,0.3536,0.25,0.3536,0.7223,0.0786,"The Bulletin of zoological nomenclature","Bulletin of Zoological Nomenclature","np","diamond_OA","Uni/Gov"
"https://openalex.org/S2764453701",0.0956,0.0774,0.1675,0.1445,0.3514,0.22,0.6223,0.236,0.7369,0.1704,"Management of Biological Invasions","Management of Biological Invasions","fp","OA","Non-profit"
"https://openalex.org/S2764636758",0.1614,0.1081,0.2674,0.1403,0.4207,0.2911,0.5793,0.2911,0.5712,0.1456,"African Journal of Wildlife Research","African Journal of Wildlife Research","np","subscription","Society"
"https://openalex.org/S2764756136",0.2845,0.1648,0.0637,0.0962,0.7983,0.2616,0.1582,0.1983,0.6518,0.1835,"Arachnology","Arachnology","np","subscription","Society"
"https://openalex.org/S2764756569",0.2226,0.0992,0.1532,0.1035,0.6153,0.2053,0.3847,0.2053,0.6243,0.1407,"Journal of Caribbean Ornithology","Journal of Caribbean Ornithology","np","OA","Society"
"https://openalex.org/S2764766708",0.0962,0.0653,0.0249,0.0473,0.786,0.3021,0.1498,0.2245,0.8789,0.0846,"Microbiology Spectrum","Microbiology Spectrum","np","OA","Society"
"https://openalex.org/S2764844841",0.2129,0.0712,0.2957,0.1053,0.4257,0.1375,0.5743,0.1375,0.4914,0.109,"Journal of Pollination Ecology","Journal of Pollination Ecology","np","diamond_OA","Society"
"https://openalex.org/S2764848816",0.0875,0.0865,0.0794,0.1184,0.5086,0.398,0.3485,0.3666,0.8331,0.1539,"Bangladesh Journal of Zoology","Bangladesh Journal of Zoology","np","diamond_OA","Society"
"https://openalex.org/S2764961542",0.2003,0.1535,0.0783,0.0701,0.5983,0.3645,0.3429,0.3419,0.7215,0.1548,"Lankesteriana","Lankesteriana","np","subscription","other"
"https://openalex.org/S2765035552",0.0457,0.0575,0.0515,0.081,0.3824,0.4517,0.3235,0.4309,0.9028,0.0985,"Neotropical Helminthology","Neotropical Helminthology","np","diamond_OA","Society"
"https://openalex.org/S2765041714",0.1964,0.1109,0.1807,0.0702,0.5013,0.1793,0.4987,0.1793,0.6229,0.135,"Frontiers of Biogeography","Frontiers of Biogeography","np","OA","Society"
"https://openalex.org/S285199",0.168,0.0684,0.2202,0.095,0.4275,0.1927,0.5725,0.1927,0.6118,0.124,"The Botanical Review","Botanical Review","fp","hybrid","Museum"
"https://openalex.org/S28739527",0.1696,0.0811,0.2344,0.1273,0.4425,0.1667,0.5575,0.1667,0.5961,0.1544,"Mammalian Biology","Mammalian Biology","fp","hybrid","Society"
"https://openalex.org/S28964699",0.0219,0.033,0.1077,0.1196,0.2129,0.2911,0.7275,0.3399,0.8704,0.1246,"Archives of Sexual Behavior","Archives of Sexual Behavior","fp","hybrid","Society"
"https://openalex.org/S2898175082",0.1731,0.0898,0.2182,0.1235,0.4531,0.2024,0.5469,0.2024,0.6088,0.1601,"Perspectives in Ecology and Conservation","Perspectives in Ecology and Conservation","fp","diamond_OA","Non-profit"
"https://openalex.org/S3006207977",0.2446,0.1051,0.1541,0.1242,0.661,0.2157,0.339,0.2157,0.6013,0.1649,"Proceedings of the Royal Society B Biological Sciences","Proceedings of the Royal Society B - Biological Sciences","np","hybrid","Society"
"https://openalex.org/S30982003",0.2004,0.085,0.2629,0.0997,0.4326,0.1612,0.5674,0.1612,0.5368,0.118,"Ecological Entomology","Ecological Entomology","fp","hybrid","Society"
"https://openalex.org/S31465112",0.0904,0.0884,0.0853,0.0653,0.4495,0.3112,0.518,0.3148,0.8243,0.1217,"Journal of Anatomy","Journal of Anatomy","fp","hybrid","Society"
"https://openalex.org/S31493525",0.0365,0.0473,0.0552,0.0784,0.3716,0.3476,0.5071,0.3705,0.9083,0.1052,"South African Journal of Botany","South African Journal of Botany","fp","hybrid","Society"
"https://openalex.org/S32610980",0.1502,0.1141,0.094,0.0603,0.6034,0.1908,0.3946,0.1897,0.7558,0.122,"Journal of Experimental Botany","Journal of Experimental Botany","np","hybrid","Society"
"https://openalex.org/S33382538",0.1292,0.0794,0.2848,0.09,0.2968,0.1328,0.7032,0.1328,0.586,0.1307,"Plant Ecology & Diversity","Plant Ecology and Diversity","fp","hybrid","Society"
"https://openalex.org/S33456383",0.2179,0.0965,0.3148,0.1135,0.412,0.1549,0.588,0.1549,0.4672,0.1192,"Journal of Animal Ecology","Journal of Animal Ecology","fp","hybrid","Society"
"https://openalex.org/S33674063",0.1049,0.1179,0.0303,0.0353,0.7059,0.4779,0.2941,0.4779,0.8648,0.1262,"Systematic and Applied Acarology","Systematic and Applied Acarology","np","hybrid","Society"
"https://openalex.org/S34358731",0.1848,0.166,0.0774,0.0903,0.7399,0.2475,0.2601,0.2475,0.7379,0.1981,"ZOOLOGICAL SCIENCE","Zoological Science","np","hybrid","Society"
"https://openalex.org/S35917800",0.1792,0.0967,0.3496,0.128,0.3438,0.1696,0.6562,0.1696,0.4712,0.1353,"Ecology","Ecology","fp","hybrid","Society"
"https://openalex.org/S36438966",0.1507,0.1137,0.1281,0.1023,0.5915,0.2471,0.4085,0.2471,0.7212,0.1506,"European Journal of Entomology","European Journal of Entomology","np","OA","Uni/Gov"
"https://openalex.org/S37847780",0.1384,0.0921,0.059,0.0799,0.6848,0.2998,0.3152,0.2998,0.8025,0.104,"Records of the Australian Museum","Records of the Australian Museum","np","diamond_OA","Museum"
"https://openalex.org/S38301578",0.1159,0.0889,0.2373,0.1167,0.303,0.2229,0.697,0.2229,0.6467,0.1599,"Polish Journal of Ecology","Polish Journal of Ecology","np","subscription","Society"
"https://openalex.org/S3880285",0.1712,0.1246,0.0278,0.0703,0.8797,0.2481,0.0798,0.1707,0.801,0.1577,"Science","Science","np","subscription","Society"
"https://openalex.org/S38880878",0.1517,0.0841,0.2409,0.1284,0.4027,0.1981,0.5973,0.1981,0.6074,0.133,"Austral Ecology","Austral Ecology","fp","hybrid","Society"
"https://openalex.org/S39794811",0.0538,0.0425,0.0458,0.0483,0.5492,0.3426,0.4078,0.3336,0.9005,0.0658,"Journal of Applied Microbiology","Journal of Applied Microbiology","fp","hybrid","Society"
"https://openalex.org/S40395498",0.1556,NA,0.2,NA,0.4375,NA,0.5625,NA,0.6444,NA,"Ideas in Ecology and Evolution","Ideas in Ecology and Evolution","np","OA","Uni/Gov"
"https://openalex.org/S40752542",0.2268,0.0681,0.1279,0.0607,0.6379,0.1632,0.3621,0.1632,0.6453,0.0727,"Systematic Entomology","Systematic Entomology","fp","hybrid","Society"
"https://openalex.org/S4078192",0.2102,0.1035,0.0877,0.0558,0.695,0.1619,0.305,0.1619,0.7021,0.1209,"Zoologica Scripta","Zoologica Scripta","fp","hybrid","Uni/Gov"
"https://openalex.org/S4147745",0.2046,0.0813,0.2783,0.111,0.4319,0.1548,0.5681,0.1548,0.5171,0.1197,"Ibis","Ibis","fp","hybrid","Society"
"https://openalex.org/S42032724",0.2492,0.0941,0.1821,0.0849,0.5828,0.181,0.4172,0.181,0.5688,0.111,"Insectes Sociaux","Insectes Sociaux","fp","hybrid","Society"
"https://openalex.org/S4210167524",0.1346,0.1101,0.0476,0.0803,0.6858,0.4252,0.3142,0.4252,0.8178,0.0921,"Nota Lepidopterologica","Nota Lepidopterologica","fp","OA","Society"
"https://openalex.org/S4210167999",0.0462,0.069,0.0427,0.0767,0.4006,0.4833,0.3053,0.4515,0.9112,0.095,"Silva Balcanica","Silva Balcanica","np","diamond_OA","Uni/Gov"
"https://openalex.org/S4210169531",0.055,0.0941,0.0736,0.0851,0.2168,0.2961,0.4832,0.4201,0.8714,0.143,"Journal of Ecohydraulics","Journal of Ecohydraulics","fp","hybrid","Society"
"https://openalex.org/S4210170475",0.0924,0.0517,0.1608,0.1269,0.4357,0.227,0.5643,0.227,0.7469,0.1351,"IMA Fungus","IMA Fungus","fp","OA","Society"
"https://openalex.org/S4210176965",0.1204,0.0598,0.142,0.0911,0.4788,0.1823,0.5212,0.1823,0.7376,0.1095,"Phytobiomes Journal","Phytobiomes Journal","np","hybrid","Society"
"https://openalex.org/S4210178044",0.114,0.0773,0.2151,0.139,0.4087,0.265,0.5913,0.265,0.6709,0.1738,"Bulletin of the Ecological Society of America","Bulletin of the Ecological Society of America","fp","hybrid","Society"
"https://openalex.org/S4210181637",0.0814,0.0602,0.1272,0.0916,0.4107,0.2435,0.5893,0.2435,0.7915,0.129,"Journal of Sustainable Agriculture and Environment","Journal of Sustainable Agriculture and Environment","fp","OA","Society"
"https://openalex.org/S4210181942",0.1264,0.0687,0.0594,0.0734,0.7402,0.2464,0.2563,0.2429,0.8142,0.1035,"mSystems","mSystems","np","OA","Society"
"https://openalex.org/S4210185428",0.2681,0.1319,0.044,0.0632,0.8031,0.2945,0.1344,0.2053,0.6879,0.1298,"Novitates Caribaea","Novitates Caribaea","np","diamond_OA","Museum"
"https://openalex.org/S4210186268",0.3145,0.1007,0.1161,0.0775,0.748,0.1403,0.252,0.1403,0.5694,0.1438,"Evolution Letters","Evolution Letters","np","OA","Society"
"https://openalex.org/S4210188621",0.1766,0.0848,0.1197,0.0779,0.6076,0.2127,0.3924,0.2127,0.7037,0.1203,"Arthropod Systematics & Phylogeny","Arthropod Systematics and Phylogeny","np","diamond_OA","Museum"
"https://openalex.org/S4210188975",0.2077,0.1086,0.0766,0.0787,0.7527,0.2079,0.2383,0.1963,0.7157,0.1403,"Journal of Insect Science","Journal of Insect Science","np","OA","Society"
"https://openalex.org/S4210189550",0.117,0.0659,0.214,0.1317,0.3766,0.1757,0.6234,0.1757,0.669,0.142,"NeoBiota","NeoBiota","fp","OA","Society"
"https://openalex.org/S4210193559",0.08,0.0729,0.1071,0.1026,0.3765,0.284,0.5424,0.3074,0.8129,0.1305,"Botanica Serbica","Botanica Serbica","np","diamond_OA","Uni/Gov"
"https://openalex.org/S4210194329",0.1222,0.074,0.2805,0.157,0.3163,0.1691,0.6837,0.1691,0.5972,0.1745,"Ecological Solutions and Evidence","Ecological Solutions & Evidence","fp","OA","Society"
"https://openalex.org/S4210197576",0.1324,0.1284,0.1875,0.1144,0.3204,0.2552,0.6027,0.2978,0.6801,0.1996,"Mediterranean Botany","Mediterranean Botany","np","diamond_OA","Uni/Gov"
"https://openalex.org/S4210199543",0.2077,0.1271,0.1122,0.1236,0.6367,0.273,0.3633,0.273,0.6801,0.1494,"Flora Mediterranea","Flora Mediterranea","np","OA","Society"
"https://openalex.org/S4210201176",0.1405,0.0737,0.0204,0.0441,0.8981,0.186,0.0953,0.1709,0.8391,0.0887,"mBio","mBio","np","OA","Society"
"https://openalex.org/S4210202872",0.1127,0.0696,0.181,0.1203,0.3884,0.2368,0.5894,0.2463,0.7063,0.1441,"Botany Letters","Botany Letters","fp","hybrid","Society"
"https://openalex.org/S4210204291",0.0221,0.0414,0.043,0.0643,0.125,0.2315,0.25,0.378,0.9349,0.0907,"Contributions to Zoology","Contributions to Zoology","fp","OA","Museum"
"https://openalex.org/S4210207018",0.1216,0.068,0.0193,0.032,0.8474,0.2346,0.1245,0.1861,0.8591,0.0755,"mSphere","mSphere","np","OA","Society"
"https://openalex.org/S4210210983",0.2219,0.0686,0.1756,0.1485,0.6403,0.2453,0.3597,0.2453,0.6025,0.2035,"Peer Community In Zoology","Peer Community In Zoology","np","diamond_OA","Non-profit"
"https://openalex.org/S4210213692",0.1591,0.0993,0.1595,0.1,0.4882,0.2831,0.5118,0.2831,0.6814,0.1367,"Journal of Vertebrate Biology","Journal of Vertebrate Biology","np","diamond_OA","Uni/Gov"
"https://openalex.org/S4210213932",0.0404,0.036,0.3069,0.1853,0.1496,0.1852,0.8504,0.1852,0.6527,0.1748,"Vegetation Classification and Survey","Vegetation Classification and Survey","fp","OA","Society"
"https://openalex.org/S4210215492",0.1675,0.1129,0.0891,0.0886,0.6815,0.2617,0.3185,0.2617,0.7433,0.1624,"Evolutionary Systematics","Evolutionary Systematics","fp","OA","Uni/Gov"
"https://openalex.org/S4210216802",0.0973,0.0492,0.0312,0.0309,0.7433,0.3099,0.2567,0.3099,0.8715,0.0426,"Peer Community In Animal Science","Peer Community In Animal Science","np","diamond_OA","Non-profit"
"https://openalex.org/S4210217666",0.1371,0.0981,0.1384,0.1186,0.5042,0.2665,0.4333,0.2575,0.7245,0.176,"Alpine Entomology","Alpine Entomology","fp","OA","Society"
"https://openalex.org/S4210218052",0.0341,0.0516,0.0387,0.0634,0.3302,0.4124,0.3492,0.4197,0.9272,0.0813,"Wellcome Open Research","Wellcome Open Research","fp","OA","other"
"https://openalex.org/S4210220774",0.0958,0.058,0.1404,0.0859,0.4138,0.191,0.5791,0.194,0.7639,0.113,"People and Nature","People & Nature","fp","OA","Society"
"https://openalex.org/S4210221246",0.2206,0.0766,0.2637,0.1219,0.472,0.1804,0.528,0.1804,0.5157,0.1036,"Peer Community In Ecology","Peer Community In Ecology","np","diamond_OA","Non-profit"
"https://openalex.org/S4210221877",0.0926,0.0492,0.1941,0.1561,0.3678,0.213,0.6322,0.213,0.7133,0.1577,"Italian Botanist","Italian Botanist","fp","OA","Society"
"https://openalex.org/S4210227165",0.1146,0.0624,0.0881,0.061,0.5707,0.1916,0.4293,0.1916,0.7973,0.0938,"Plant Direct","Plant Direct","fp","OA","Society"
"https://openalex.org/S4210228833",0.1748,0.0854,0.1229,0.0922,0.6115,0.2545,0.3885,0.2545,0.7023,0.1411,"Herpetozoa","Herpetozoa","fp","OA","Society"
"https://openalex.org/S4210231135",0.2338,0.1232,0.1194,0.1377,0.6515,0.3266,0.2485,0.2488,0.6468,0.2025,"Peer Community in Evolutionary Biology","Peer Community In Evolutionary Biology","np","diamond_OA","Non-profit"
"https://openalex.org/S4210231449",0.1027,0.0752,0.1469,0.1859,0.4691,0.2561,0.4833,0.2574,0.7503,0.1976,"Plants People Planet","Plants People Planet","fp","OA","Non-profit"
"https://openalex.org/S4210232526",0.1043,0.0979,0.0208,0.0486,0.6585,0.4392,0.1283,0.2823,0.8749,0.1066,"Microbiology Resource Announcements","Microbiology Resource Announcements","np","OA","Society"
"https://openalex.org/S4210232600",0.1607,0.1086,0.1336,0.1257,0.5504,0.3011,0.393,0.2856,0.7057,0.1846,"Ichthyology & Herpetology","Ichthyology & Herpetology","np","hybrid","Society"
"https://openalex.org/S4210233413",0.1009,0.1291,0.0551,0.0545,0.3623,0.3441,0.2377,0.2368,0.844,0.1797,"Journal of the National Museum (Prague) Natural History Series","Journal of the National Museum (Prague)  Natural History Series","np","diamond_OA","Museum"
"https://openalex.org/S4210234444",0.1795,0.0439,0.1748,0.1373,0.5463,0.1425,0.4537,0.1425,0.6457,0.1696,"Philosophy Theory and Practice in Biology","Philosophy Theory and Practice in Biology","np","diamond_OA","Uni/Gov"
"https://openalex.org/S4210238080",0.0352,0.0652,0.0267,0.065,0.3432,0.432,0.2053,0.3522,0.9381,0.0987,"Open Research Europe","Open Research Europe","fp","diamond_OA","Uni/Gov"
"https://openalex.org/S4210238309",0.1355,0.0814,0.1276,0.0967,0.5252,0.2266,0.4601,0.2244,0.737,0.1409,"The European Zoological Journal","European Zoological Journal","fp","OA","Society"
"https://openalex.org/S4210240111",0.0355,0.0397,0.2557,0.1326,0.1191,0.1425,0.8809,0.1425,0.7088,0.1309,"Plant Sociology","Plant Sociology","fp","OA","Society"
"https://openalex.org/S4210240746",0.1355,0.0855,0.2138,0.1033,0.381,0.191,0.6133,0.1944,0.6508,0.1398,"Conservation Science and Practice","Conservation Science and Practice","fp","OA","Society"
"https://openalex.org/S4210240812",0.1378,0.0851,0.136,0.0775,0.5053,0.2075,0.4947,0.2075,0.7262,0.1064,"ISME Communications","ISME Communications","fp","OA","Society"
"https://openalex.org/S4220651275",0.1133,0.0797,0.0161,0.0452,0.8606,0.2786,0.0727,0.158,0.8706,0.0988,"PNAS Nexus","PNAS nexus","np","OA","Society"
"https://openalex.org/S43476095",0.1914,0.0935,0.1153,0.0557,0.6223,0.1399,0.3777,0.1399,0.6933,0.1298,"Journal of Mammalian Evolution","Journal of Mammalian Evolution","fp","hybrid","Society"
"https://openalex.org/S43543914",0.1982,0.0959,0.1592,0.1032,0.579,0.2233,0.421,0.2233,0.6426,0.1429,"Sociobiology","Sociobiology","np","diamond_OA","Uni/Gov"
"https://openalex.org/S43867544",0.0701,0.0579,0.1575,0.1031,0.3169,0.2265,0.6653,0.2398,0.7724,0.1261,"Estuarine Coastal and Shelf Science","Estuarine Coastal and Shelf Science","fp","hybrid","Society"
"https://openalex.org/S4387281684",0.0973,0.0288,0.0728,0.0634,0.6166,0.165,0.3833,0.165,0.8299,0.0922,"Peer Community In Forest and Wood Sciences","Peer Community In Forest and Wood Sciences","np","diamond_OA","Non-profit"
"https://openalex.org/S4387284484",0.2413,0.1122,0.1253,0.0892,0.6647,0.2277,0.3353,0.2277,0.6334,0.1436,"Evolutionary Journal of the Linnean Society","Evolutionary Journal of the Linnean Society","np","OA","Society"
"https://openalex.org/S4387287674",0.1085,0.049,0.0818,0.0668,0.6442,0.2149,0.3558,0.2149,0.8097,0.1071,"Peer Community In Microbiology","Peer Community In Microbiology","np","diamond_OA","Non-profit"
"https://openalex.org/S44571845",0.2246,0.1038,0.2199,0.102,0.51,0.1972,0.49,0.1972,0.5555,0.1123,"Journal of Zoology","Journal of Zoology","fp","hybrid","Society"
"https://openalex.org/S45405298",0.2276,0.0941,0.3216,0.1348,0.4244,0.1813,0.5756,0.1813,0.4507,0.1058,"Acta Ornithologica","Acta Ornithologica","np","subscription","Museum"
"https://openalex.org/S45789726",0.1602,0.0776,0.3394,0.207,0.3668,0.1796,0.6332,0.1796,0.5005,0.2006,"Population Ecology","Population Ecology","fp","hybrid","Society"
"https://openalex.org/S46238352",0.0397,0.044,0.0823,0.1703,0.3685,0.3604,0.5138,0.3841,0.878,0.1713,"Behavior Genetics","Behavior Genetics","fp","hybrid","Society"
"https://openalex.org/S46982553",0.0728,0.0613,0.1025,0.1012,0.4457,0.2979,0.5173,0.3024,0.8247,0.1243,"AMBIO","Ambio","fp","hybrid","Uni/Gov"
"https://openalex.org/S4747479",0.0661,0.0512,0.144,0.1473,0.4303,0.4067,0.5697,0.4067,0.7898,0.1344,"Folia Primatologica","Folia Primatologica","fp","hybrid","Society"
"https://openalex.org/S48434751",0.103,0.079,0.2274,0.1936,0.4234,0.4174,0.5766,0.4174,0.6696,0.1777,"African Invertebrates","African Invertebrates","fp","OA","Museum"
"https://openalex.org/S49305988",0.2448,0.1287,0.1866,0.0812,0.5479,0.1965,0.4521,0.1965,0.5686,0.1412,"ORNITHOLOGICAL SCIENCE","Ornithological Science","np","subscription","Society"
"https://openalex.org/S4950362",0.2383,0.1052,0.1144,0.1014,0.6809,0.2501,0.2635,0.1949,0.6473,0.1791,"Current Herpetology","Current Herpetology","np","subscription","Society"
"https://openalex.org/S55229178",0.0493,0.0402,0.0297,0.0372,0.6172,0.3373,0.3184,0.3073,0.921,0.0594,"World Journal of Microbiology and Biotechnology","Journal of Microbiology and Biotechnology","np","OA","Society"
"https://openalex.org/S55973255",0.0598,0.0615,0.1924,0.1279,0.2236,0.2235,0.731,0.2722,0.7478,0.1403,"Grana","Grana","fp","hybrid","Society"
"https://openalex.org/S56397279",0.1696,0.0907,0.1816,0.1574,0.5231,0.2084,0.4769,0.2084,0.6488,0.172,"Journal of Systematics and Evolution","Journal of Systematics and Evolution","fp","hybrid","Uni/Gov"
"https://openalex.org/S56956558",0.1124,0.0956,0.2584,0.1552,0.2975,0.2079,0.7025,0.2079,0.6292,0.1705,"Ecological Research","Ecological Research","fp","hybrid","Society"
"https://openalex.org/S56987637",0.0897,0.0573,0.1336,0.086,0.4035,0.2249,0.5965,0.2249,0.7767,0.1108,"Environmental Microbiology Reports","Environmental Microbiology Reports","fp","hybrid","Society"
"https://openalex.org/S57397647",0.2059,0.0875,0.1813,0.1267,0.5572,0.1853,0.4428,0.1853,0.6128,0.1496,"Australian Systematic Botany","Australian Systematic Botany","np","hybrid","Uni/Gov"
"https://openalex.org/S58136343",0.2174,0.1079,0.1712,0.1141,0.6021,0.2313,0.3979,0.2313,0.6113,0.1802,"Current Zoology","Current Zoology","np","diamond_OA","Society"
"https://openalex.org/S58631098",0.1358,0.0765,0.1834,0.1456,0.4695,0.2198,0.5305,0.2198,0.6808,0.1575,"New Phytologist","New Phytologist","fp","hybrid","Non-profit"
"https://openalex.org/S5885750",0.1562,0.071,0.2086,0.099,0.4315,0.1796,0.5685,0.1796,0.6352,0.1203,"African Zoology","African Zoology","fp","hybrid","Society"
"https://openalex.org/S59381273",0.1793,0.1131,0.1647,0.123,0.5469,0.2434,0.4531,0.2434,0.6559,0.1541,"Invasive Plant Science and Management","Invasive Plant Science and Management","np","hybrid","Society"
"https://openalex.org/S6139184",0.1177,0.072,0.164,0.1728,0.4926,0.2413,0.5074,0.2413,0.7183,0.1882,"Journal of Plant Research","Journal of Plant Research","fp","hybrid","Society"
"https://openalex.org/S62820861",0.2043,0.1179,0.2433,0.1398,0.4416,0.1815,0.5584,0.1815,0.5524,0.1865,"Journal of Bryology","Journal of Bryology","fp","hybrid","Society"
"https://openalex.org/S64025128",0.1158,0.1048,0.1118,0.1188,0.6074,0.4003,0.3926,0.4003,0.7724,0.114,"Bee World","Bee World","fp","hybrid","Non-profit"
"https://openalex.org/S6403244",0.1461,0.0767,0.1854,0.1128,0.4361,0.2188,0.5239,0.227,0.6684,0.1508,"Plant Ecology and Evolution","Plant Ecology and Evolution","np","diamond_OA","Society"
"https://openalex.org/S65166364",0.2232,0.1929,0.0601,0.0949,0.7816,0.2621,0.1936,0.2324,0.7167,0.2055,"International Journal of Wildland Fire","International Journal of Wildland Fire","np","hybrid","Non-profit"
"https://openalex.org/S65478581",0.3265,0.1156,0.0775,0.0741,0.8221,0.1314,0.1779,0.1314,0.596,0.1472,"Systematic Biology","Systematic Biology","np","hybrid","Society"
"https://openalex.org/S66388299",0.0896,0.0915,0.0767,0.137,0.5446,0.3328,0.4144,0.3247,0.8337,0.1576,"Animal","Animal","fp","OA","Society"
"https://openalex.org/S67795522",0.2395,0.0864,0.1929,0.116,0.5657,0.1945,0.4139,0.1862,0.5676,0.14,"Journal of Herpetology","Journal of Herpetology","np","hybrid","Society"
"https://openalex.org/S67862205",0.1152,0.0571,0.1,0.0814,0.5473,0.1875,0.4506,0.187,0.7848,0.1011,"The Plant Journal","Plant Journal","fp","hybrid","Society"
"https://openalex.org/S6919857",0.1224,0.0669,0.1393,0.0934,0.4805,0.213,0.5052,0.2139,0.7383,0.1131,"Environmental Microbiology","Environmental Microbiology","fp","hybrid","Society"
"https://openalex.org/S72684844",0.1843,0.1578,0.0251,0.032,0.8182,0.251,0.1584,0.218,0.7905,0.1583,"Journal of Animal Science","Journal of Animal Science","np","hybrid","Society"
"https://openalex.org/S72902805",0.1452,0.0742,0.3599,0.1364,0.2953,0.1516,0.7047,0.1516,0.4949,0.136,"Journal of Wildlife Management","Journal of Wildlife Management","fp","hybrid","Society"
"https://openalex.org/S73111969",0.0924,0.0599,0.133,0.0836,0.4246,0.2604,0.5536,0.2658,0.7746,0.1141,"Journal of Eukaryotic Microbiology","Journal of Eukaryotic Microbiology","fp","hybrid","Society"
"https://openalex.org/S733369",0.16,0.0715,0.279,0.098,0.3675,0.1456,0.6325,0.1456,0.561,0.1109,"Basic and Applied Ecology","Basic and Applied Ecology","fp","OA","Society"
"https://openalex.org/S77453907",0.1334,0.0774,0.1663,0.1229,0.4959,0.2167,0.5041,0.2167,0.7002,0.1656,"AoB Plants","AOB Plants","np","OA","Non-profit"
"https://openalex.org/S78843499",0.06,0.0598,0.1497,0.1663,0.3801,0.3094,0.6199,0.3094,0.7903,0.1715,"Coastal Management","Coastal Management","fp","hybrid","Society"
"https://openalex.org/S79449806",0.2575,0.091,0.2572,0.111,0.509,0.1499,0.491,0.1499,0.4853,0.137,"Journal of Avian Biology","Journal of Avian Biology","fp","OA","Society"
"https://openalex.org/S79992667",0.2107,0.1515,0.0698,0.0622,0.7009,0.2935,0.2366,0.237,0.7195,0.173,"Annals of the Entomological Society of America","Annals of the Entomological Society of America","np","hybrid","Society"
"https://openalex.org/S80033963",0.128,0.0634,0.0121,0.023,0.9289,0.1222,0.0711,0.1222,0.8599,0.0728,"Open Biology","Open Biology","np","OA","Society"
"https://openalex.org/S80967739",0.213,0.0951,0.293,0.1183,0.4256,0.1707,0.5744,0.1707,0.494,0.1342,"Ecology Letters","Ecology Letters","fp","hybrid","Uni/Gov"
"https://openalex.org/S82098733",0.1396,0.077,0.295,0.1363,0.332,0.1648,0.668,0.1648,0.5654,0.1451,"Journal of Applied Ecology","Journal of Applied Ecology","fp","hybrid","Society"
"https://openalex.org/S82630499",0.1619,0.0959,0.1379,0.1008,0.5151,0.2726,0.4293,0.2632,0.7002,0.1587,"Journal of Orthoptera Research","Journal of Orthoptera Research","fp","OA","Society"
"https://openalex.org/S86137544",0.175,0.0995,0.178,0.1594,0.5629,0.2413,0.4371,0.2413,0.647,0.1916,"Biological reviews/Biological reviews of the Cambridge Philosophical Society","Biological Reviews","fp","hybrid","Society"
"https://openalex.org/S86308941",0.1084,0.095,0.0299,0.0441,0.6129,0.3894,0.2107,0.276,0.8616,0.1084,"Comparative Parasitology","Comparative Parasitology","np","subscription","Society"
"https://openalex.org/S87560609",0.2787,0.128,0.1237,0.0857,0.6942,0.1941,0.3009,0.1892,0.5976,0.1557,"Evolution","Evolution","np","hybrid","Society"
"https://openalex.org/S87561820",0.0142,0.0289,0.0579,0.0635,0.1703,0.2819,0.6664,0.4006,0.9279,0.0722,"Environmental Science and Pollution Research","Environmental Science and Pollution Research","fp","hybrid","Society"
"https://openalex.org/S8802318",0.0695,0.0707,0.0416,0.0671,0.5896,0.4068,0.3187,0.3748,0.8889,0.0871,"Annals of the New York Academy of Sciences","Annals of the New York Academy of Sciences","fp","hybrid","Society"
"https://openalex.org/S88168125",0.2382,0.2014,0.0903,0.1505,0.7399,0.3502,0.2075,0.305,0.6715,0.226,"Revue suisse de zoologie","Revue Suisse de Zoologie","np","OA","Society"
"https://openalex.org/S90511721",0.2029,0.0849,0.1993,0.1164,0.5186,0.1959,0.4814,0.1959,0.5978,0.1263,"Cladistics","Cladistics","fp","hybrid","Society"
"https://openalex.org/S90680744",0.1603,0.1041,0.1884,0.1512,0.4902,0.2414,0.5098,0.2414,0.6513,0.1887,"Integrative Zoology","Integrative Zoology","fp","hybrid","Society"
"https://openalex.org/S91660768",0.1934,0.1297,0.0802,0.1066,0.7829,0.2346,0.2023,0.2156,0.7264,0.193,"Philosophical Transactions of the Royal Society B Biological Sciences","Philosophical Transactions of the Royal Society B","np","hybrid","Society"
"https://openalex.org/S92562763",0.2415,0.1355,0.1123,0.101,0.6784,0.2616,0.3034,0.2481,0.6462,0.1585,"Environmental Entomology","Environmental Entomology","np","hybrid","Society"
"https://openalex.org/S92576693",0.2397,0.101,0.1044,0.0808,0.7222,0.1416,0.2778,0.1416,0.6559,0.1534,"Annual Review of Entomology","Annual Review of Entomology","np","diamond_OA","Non-profit"
"https://openalex.org/S9336330",0.0268,0.0371,0.0681,0.0716,0.288,0.3724,0.5482,0.4262,0.9052,0.08,"Annals of Anatomy - Anatomischer Anzeiger","Annals of Anatomy - Anatomischer Anzeiger","fp","hybrid","Society"
"https://openalex.org/S9351502",0.112,0.0849,0.1584,0.1349,0.443,0.2627,0.5419,0.2655,0.7297,0.1581,"Journal of Fish Biology","Journal of Fish Biology","fp","hybrid","other"
"https://openalex.org/S96743589",0.1384,0.0722,0.2517,0.1032,0.3606,0.1686,0.6394,0.1686,0.6099,0.1202,"Marine Ecology Progress Series","Marine Ecology Progress Series","fp","hybrid","Uni/Gov"
"https://openalex.org/S98137347",0.149,0.0786,0.2224,0.0988,0.4015,0.1897,0.5923,0.1928,0.6286,0.1212,"Conservation Biology","Conservation Biology","fp","hybrid","Society"
"https://openalex.org/S98424699",0.2436,0.1108,0.1314,0.0831,0.652,0.1728,0.3422,0.1675,0.625,0.1413,"Biological Journal of the Linnean Society","Biological Journal of the Linnean Society","np","hybrid","Society"
"https://openalex.org/S98723585",0.1417,0.0772,0.2662,0.1238,0.3567,0.1521,0.6433,0.1521,0.5921,0.1559,"Ecosphere","Ecosphere","fp","OA","Society"
"https://openalex.org/S9877893",0.1301,0.0675,0.2224,0.1185,0.3694,0.2039,0.5871,0.2268,0.6475,0.1468,"Natural Areas Journal","Natural Areas Journal","np","hybrid","Non-profit"
"https://openalex.org/S98916874",0.038,0.0383,0.1407,0.1132,0.1992,0.2046,0.7591,0.2573,0.8214,0.127,"African Journal of Range and Forage Science","African Journal of Range & Forage Science","fp","hybrid","Society"
"https://openalex.org/S99248529",0.1431,0.1377,0.2162,0.1446,0.3726,0.3459,0.5971,0.3559,0.6407,0.1562,"Bulletin of Marine Science","Bulletin of Marine Science","np","hybrid","Uni/Gov"
NA,NA,NA,NA,NA,NA,NA,NA,NA,NA,NA,NA,NA,NA,NA,NA
