"","oa_source_id","n_articles","mean_prop_np","mean_prop_fp","mean_prop_nadafnee","mean_prop_np_found","mean_prop_fp_found","sd_prop_np","sd_prop_fp","sd_prop_nadafnee","sd_prop_np_found","sd_prop_fp_found","oa_source_name","journal","publisher_type","business_model","institution_type"
"1","https://openalex.org/S102181007",540,0.3265,0.0179,0.6555,0.9064,0.0603,0.1542,0.0346,0.1506,0.2045,0.1165,"INTERNATIONAL JOURNAL OF SYSTEMATIC AND EVOLUTIONARY MICROBIOLOGY","International Journal of Systematic and Evolutionary Microbiology","np","hybrid","Society"
"2","https://openalex.org/S102998770",55,0.0769,0.3259,0.5972,0.1681,0.6864,0.0565,0.1834,0.2094,0.1181,0.3012,"Journal of Vegetation Science","Journal of Vegetation Science","fp","hybrid","Society"
"3","https://openalex.org/S103035011",117,0.1374,0.0103,0.8523,0.8607,0.0453,0.1014,0.0351,0.1077,0.3128,0.1432,"Journal of General Virology","Journal of General Virology","np","hybrid","Society"
"4","https://openalex.org/S103356783",139,0.196,0.095,0.7091,0.6284,0.2708,0.1201,0.0926,0.1708,0.281,0.2066,"Integrative and Comparative Biology","Integrative and Comparative Biology","np","hybrid","Society"
"5","https://openalex.org/S103871702",17,0.1779,0.166,0.6561,0.4909,0.4503,0.0835,0.083,0.1347,0.1971,0.1905,"Acta Herpetologica","Acta Herpetologica","np","diamond_OA","Society"
"6","https://openalex.org/S104292366",211,0.1101,0.2569,0.633,0.303,0.659,0.073,0.1465,0.1768,0.1883,0.2214,"Landscape Ecology","Landscape Ecology","fp","hybrid","Society"
"7","https://openalex.org/S104414929",108,0.098,0.1508,0.7512,0.366,0.4766,0.0755,0.1415,0.1806,0.2536,0.2862,"Plant Biology","Plant Biology","fp","hybrid","Society"
"8","https://openalex.org/S110937496",42,0.1111,0.1515,0.7375,0.3319,0.4062,0.1451,0.1846,0.2089,0.4087,0.4324,"Annales Botanici Fennici","Annales Botanici Fennici","np","hybrid","Uni/Gov"
"9","https://openalex.org/S11271929",195,0.1122,0.3218,0.566,0.2271,0.6396,0.0725,0.1634,0.2032,0.1441,0.2758,"Journal of Ecology","Journal of Ecology","fp","hybrid","Society"
"10","https://openalex.org/S1131227",244,0.1272,0.2069,0.6659,0.3443,0.5245,0.1138,0.1614,0.207,0.2593,0.3016,"Methods in Ecology and Evolution","Methods in Ecology and Evolution","fp","OA","Society"
"11","https://openalex.org/S114265159",47,0.1594,0.1191,0.7216,0.3305,0.2865,0.1778,0.1267,0.2626,0.3199,0.2918,"The Bryologist","Bryologist","np","hybrid","Society"
"12","https://openalex.org/S114405033",29,0.2222,0.1683,0.6095,0.5436,0.353,0.1122,0.1161,0.1916,0.2675,0.2261,"Acta Chiropterologica","Acta Chiropterologica","np","subscription","Museum"
"13","https://openalex.org/S114498453",58,0.2803,0.2185,0.5012,0.5146,0.4165,0.1925,0.1427,0.2195,0.2515,0.2374,"Waterbirds","Waterbirds","np","subscription","Society"
"14","https://openalex.org/S115310785",104,0.1517,0.1335,0.7148,0.5548,0.4164,0.1164,0.1176,0.1714,0.2886,0.2816,"Canadian Journal of Forest Research","Canadian Journal of Forest Research","np","hybrid","Society"
"15","https://openalex.org/S116585955",25,0.1897,0.1295,0.6808,0.5197,0.3203,0.2069,0.1577,0.242,0.3513,0.3003,"Gayana","Gayana","np","OA","Uni/Gov"
"16","https://openalex.org/S117207475",40,0.1275,0.069,0.8035,0.5424,0.2826,0.1009,0.0771,0.125,0.338,0.2601,"African Entomology","African Entomology","np","OA","Society"
"17","https://openalex.org/S117411352",399,0.0101,0.0532,0.9366,0.1213,0.6606,0.0238,0.0561,0.0626,0.2474,0.4232,"International Journal of Remote Sensing","International Journal of Remote Sensing","fp","hybrid","Society"
"18","https://openalex.org/S118554560",53,0.1136,0.1834,0.703,0.3701,0.611,0.0845,0.1256,0.1617,0.2335,0.2432,"Botany","Botany","fp","hybrid","Society"
"19","https://openalex.org/S119003425",43,0.1224,0.0208,0.8568,0.7046,0.1093,0.164,0.0425,0.1661,0.4136,0.2401,"Comptes Rendus Biologies","Comptes Rendus Biologies","np","diamond_OA","Uni/Gov"
"20","https://openalex.org/S11925254",33,0.1572,0.1242,0.7186,0.3964,0.2702,0.1373,0.1363,0.2279,0.348,0.2789,"Herpetologica","Herpetologica","np","hybrid","Society"
"21","https://openalex.org/S119405978",23,0.2647,0.1808,0.5545,0.6048,0.3952,0.1072,0.1217,0.1472,0.2224,0.2224,"Annual Review of Ecology Evolution and Systematics","Annual Review of Ecology Evolution and Systematics","np","subscription","Non-profit"
"22","https://openalex.org/S119583998",27,0.1396,0.0294,0.831,0.3025,0.1049,0.2814,0.0832,0.2863,0.4483,0.2817,"Adansonia","Adansonia","np","diamond_OA","Museum"
"23","https://openalex.org/S12023821",28,0.2411,0.141,0.6179,0.6182,0.3104,0.1357,0.1469,0.1668,0.2996,0.2588,"Journal of Arachnology","Journal of Arachnology","np","hybrid","Society"
"24","https://openalex.org/S121360315",124,0.2996,0.2194,0.4809,0.5574,0.4103,0.1166,0.097,0.1455,0.172,0.1575,"Behavioral Ecology","Behavioral Ecology","np","hybrid","Society"
"25","https://openalex.org/S121830084",92,0.1609,0.1126,0.7265,0.4407,0.3093,0.1715,0.1196,0.2194,0.3427,0.2903,"BioScience","Bioscience","np","hybrid","Non-profit"
"26","https://openalex.org/S122176235",135,0.2845,0.209,0.5065,0.5333,0.363,0.1386,0.1366,0.2122,0.2523,0.2142,"The American Naturalist","American Naturalist","np","hybrid","Society"
"27","https://openalex.org/S123258744",15,0.193,0.0427,0.7644,0.8053,0.128,0.1213,0.0751,0.139,0.2976,0.2005,"Transactions of the American Entomological Society","Transactions of the American Entomological Society","np","subscription","Society"
"28","https://openalex.org/S125754415",3628,0.1474,0.0198,0.8328,0.8627,0.0662,0.1228,0.0561,0.1468,0.2809,0.1492,"Proceedings of the National Academy of Sciences","Proceedings of the National Academy of Sciences of the USA","np","hybrid","Uni/Gov"
"29","https://openalex.org/S125941916",17,0.1633,0.1515,0.6852,0.4405,0.3831,0.142,0.1274,0.2064,0.3435,0.3274,"Chelonian Conservation and Biology","Chelonian Conservation and Biology","fp","hybrid","Non-profit"
"30","https://openalex.org/S126748203",201,0.1834,0.096,0.7206,0.6635,0.3166,0.0862,0.0857,0.1264,0.2014,0.1833,"Zoological Journal of the Linnean Society","Zoological Journal of the Linnean Society","np","hybrid","Society"
"31","https://openalex.org/S127086887",41,0.0354,0.0528,0.9119,0.3825,0.4224,0.04,0.0686,0.084,0.3712,0.3818,"Helminthologia","Helminthologia","fp","OA","Uni/Gov"
"32","https://openalex.org/S127668553",112,0.0639,0.1777,0.7584,0.2616,0.6759,0.0522,0.1259,0.1569,0.1907,0.25,"Wetlands","Wetlands","fp","hybrid","Society"
"33","https://openalex.org/S128544920",48,0.1042,0.1679,0.7278,0.3233,0.5933,0.1564,0.1834,0.2319,0.267,0.307,"Journal of Limnology","Journal of Limnology","fp","OA","Uni/Gov"
"34","https://openalex.org/S129893106",93,0.1901,0.2148,0.5952,0.4041,0.4776,0.1384,0.129,0.2061,0.2269,0.2455,"Wildlife Research","Wildlife Research","np","hybrid","Uni/Gov"
"35","https://openalex.org/S130157274",39,0.0633,0.1343,0.8024,0.2747,0.6227,0.0711,0.1233,0.1599,0.2407,0.3075,"Tropical Ecology","Tropical Ecology","fp","hybrid","Society"
"36","https://openalex.org/S130567056",101,0.0753,0.0494,0.8753,0.4262,0.257,0.121,0.0786,0.1567,0.4052,0.3318,"Journal of Coastal Research","Journal of Coastal Research","np","Subscription","Society"
"37","https://openalex.org/S130807758",114,0.1176,0.226,0.6563,0.3202,0.5658,0.074,0.1492,0.178,0.1936,0.2564,"Coral Reefs","Coral Reefs","fp","hybrid","Society"
"38","https://openalex.org/S131039555",50,0.0202,0.0012,0.9786,0.1524,0.0076,0.0548,0.0053,0.0577,0.3538,0.0311,"Virologie","Virologie","fp","hybrid","Society"
"39","https://openalex.org/S131171954",47,0.0944,0.0555,0.8501,0.4642,0.2805,0.1158,0.0722,0.1534,0.3753,0.3049,"Aquatic Ecosystem Health & Management","Aquatic Ecosystem Health & Management","np","subscription","Society"
"40","https://openalex.org/S13255006",10,0.1642,0.2459,0.5899,0.3209,0.4791,0.123,0.1677,0.2392,0.2332,0.2992,"Ornis Fennica","Ornis Fennica","np","diamond_OA","Non-profit"
"41","https://openalex.org/S133530468",68,0.1354,0.1759,0.6888,0.3636,0.46,0.1136,0.1425,0.2029,0.263,0.294,"Conservation Letters","Conservation Letters","fp","OA","Society"
"42","https://openalex.org/S1336409049",2548,0.1275,0.0109,0.8616,0.9113,0.0518,0.0811,0.035,0.0951,0.2174,0.1247,"eLife","eLife","np","OA","Non-profit"
"43","https://openalex.org/S133660675",21,0.0804,0.1961,0.7235,0.2974,0.655,0.0534,0.1027,0.1216,0.1774,0.2221,"European Journal of Phycology","European Journal of Phycology","fp","hybrid","Society"
"44","https://openalex.org/S134698528",66,0.1635,0.2259,0.6106,0.4437,0.526,0.086,0.1677,0.1806,0.2104,0.2163,"Journal of Chemical Ecology","Journal of Chemical Ecology","fp","hybrid","Society"
"45","https://openalex.org/S135316137",86,0.1011,0.2781,0.6208,0.2414,0.5958,0.0941,0.2199,0.2419,0.2143,0.323,"Wildlife Society Bulletin","Wildlife Society Bulletin","fp","hybrid","Society"
"46","https://openalex.org/S135734010",57,0.0287,0.1701,0.8012,0.1222,0.6848,0.0444,0.2023,0.2102,0.1803,0.3782,"Weed Research","Weed Research","fp","hybrid","Society"
"47","https://openalex.org/S136710263",274,0.044,0.1474,0.8086,0.2109,0.6103,0.0679,0.1585,0.1689,0.2457,0.3634,"Environmental Toxicology and Chemistry","Environmental Toxicology and Chemistry","fp","hybrid","Society"
"48","https://openalex.org/S137961447",64,0.114,0.0373,0.8487,0.6103,0.2022,0.0785,0.0361,0.0999,0.3349,0.1856,"Insect Molecular Biology","Insect Molecular Biology","fp","hybrid","Society"
"49","https://openalex.org/S138169916",143,0.2392,0.1564,0.6044,0.5507,0.3164,0.1454,0.17,0.2286,0.276,0.2117,"Journal of Evolutionary Biology","Journal of Evolutionary Biology","fp","hybrid","Society"
"50","https://openalex.org/S139016016",65,0.1164,0.2657,0.6179,0.2641,0.6129,0.1236,0.174,0.2109,0.1925,0.284,"International Journal of Primatology","International Journal of Primatology","fp","hybrid","Society"
"51","https://openalex.org/S139876745",29,0.0307,0.0478,0.9215,0.1171,0.1587,0.0667,0.1004,0.1378,0.2453,0.3023,"Scientia Marina","Scientia Marina","np","diamond_OA","Uni/Gov"
"52","https://openalex.org/S14053799",160,0.0997,0.2454,0.6549,0.2816,0.6184,0.0798,0.1625,0.1848,0.2275,0.2927,"African Journal of Ecology","African Journal of Ecology","fp","hybrid","Society"
"53","https://openalex.org/S140906811",58,0.073,0.2671,0.6599,0.2254,0.7056,0.056,0.1924,0.2058,0.1742,0.2531,"Phycologia","Phycologia","fp","hybrid","Society"
"54","https://openalex.org/S141356220",83,0.1516,0.0738,0.7746,0.6419,0.2859,0.096,0.0868,0.1391,0.2882,0.2388,"Journal of Crustacean Biology","Journal of Crustacean Biology","np","hybrid","Society"
"55","https://openalex.org/S141665667",25,0.1433,0.0643,0.7924,0.5414,0.2186,0.1588,0.1009,0.1948,0.4427,0.3396,"Zoosystema","Zoosystema","np","diamond_OA","Museum"
"56","https://openalex.org/S142246141",46,0.1043,0.1048,0.791,0.4789,0.4124,0.0952,0.1294,0.1825,0.3574,0.3469,"Acta Amazonica","Acta Amazonica","np","diamond_OA","Uni/Gov"
"57","https://openalex.org/S142676987",65,0.3201,0.2026,0.4773,0.5815,0.357,0.1845,0.1343,0.2321,0.2488,0.2188,"Journal of Raptor Research","Journal of Raptor Research","np","hybrid","Society"
"58","https://openalex.org/S144119614",48,0.0885,0.1977,0.7138,0.4146,0.5854,0.0681,0.2412,0.233,0.2617,0.2617,"Annals of Forest Science","Annals of Forest Science","fp","OA","Uni/Gov"
"59","https://openalex.org/S144146645",88,0.1281,0.2576,0.6143,0.3054,0.5696,0.085,0.1591,0.1855,0.2063,0.2756,"Animal Conservation","Animal Conservation","fp","hybrid","Society"
"60","https://openalex.org/S144797041",132,0.0686,0.1004,0.831,0.2104,0.2669,0.093,0.139,0.2074,0.2815,0.3301,"Frontiers in Ecology and the Environment","Frontiers in Ecology and the Environment","fp","hybrid","Society"
"61","https://openalex.org/S146329739",115,0.2083,0.1788,0.6129,0.5365,0.4548,0.1416,0.1146,0.1777,0.2174,0.2158,"Canadian Journal of Zoology","Canadian Journal of Zoology","np","hybrid","Society"
"62","https://openalex.org/S146875840",22,0.1155,0.2067,0.6778,0.3717,0.6283,0.0904,0.1351,0.1353,0.2684,0.2684,"Fottea","Fottea","np","diamond_OA","Society"
"63","https://openalex.org/S146976949",244,0.2207,0.0488,0.7305,0.7036,0.1694,0.1584,0.06,0.1713,0.3344,0.2089,"Journal of Economic Entomology","Journal of Economic Entomology","np","hybrid","Society"
"64","https://openalex.org/S148307540",137,0.1031,0.0606,0.8363,0.6353,0.3209,0.0702,0.0635,0.1055,0.2689,0.2417,"Ecology and Society","Ecology and Society","np","OA","Society"
"65","https://openalex.org/S149218730",198,0.1305,0.1224,0.7471,0.4965,0.4479,0.0733,0.0758,0.119,0.2176,0.2113,"The ISME Journal","ISME Journal","fp","hybrid","Society"
"66","https://openalex.org/S149394164",27,0.076,0.1481,0.7758,0.3079,0.6181,0.0699,0.1057,0.1561,0.2297,0.2768,"Knowledge and Management of Aquatic Ecosystems","Knowledge and Management of Aquatic Ecosystems","fp","diamond_OA","Uni/Gov"
"67","https://openalex.org/S149404603",88,0.1367,0.225,0.6383,0.3305,0.5218,0.0876,0.1355,0.1764,0.2165,0.2747,"Insect Conservation and Diversity","Insect Conservation & Diversity","fp","hybrid","Society"
"68","https://openalex.org/S150033744",17,0.091,0.2453,0.6637,0.2853,0.7147,0.0402,0.1078,0.1278,0.1112,0.1112,"Fungal Diversity","Fungal Diversity","fp","hybrid","Uni/Gov"
"69","https://openalex.org/S151331055",366,0.0144,0.0781,0.9075,0.1623,0.6629,0.0248,0.0838,0.0866,0.2807,0.4082,"Personality and Individual Differences","Personality and Individual Differences","fp","hybrid","Society"
"70","https://openalex.org/S151641874",24,0.1752,0.0876,0.7371,0.6685,0.3315,0.0899,0.0674,0.1137,0.2116,0.2116,"Journal of Molluscan Studies","Journal of Molluscan Studies","np","hybrid","Society"
"71","https://openalex.org/S152775278",28,0.054,0.1137,0.8322,0.1196,0.4161,0.1893,0.1764,0.2511,0.2245,0.4395,"Conservation and Society","Conservation & Society","fp","OA","Uni/Gov"
"72","https://openalex.org/S152904045",61,0.2185,0.1471,0.6345,0.4226,0.2659,0.1764,0.1419,0.2807,0.319,0.2283,"Ornithology","Ornithology","np","hybrid","Society"
"73","https://openalex.org/S153317304",179,0.2789,0.1404,0.5808,0.6561,0.3159,0.1468,0.1013,0.176,0.2188,0.1958,"Biology Letters","Biology Letters","np","hybrid","Society"
"74","https://openalex.org/S153676216",32,0.2524,0.2261,0.5214,0.4647,0.4728,0.218,0.1566,0.208,0.3047,0.3055,"Mammal Study","Mammal Study","np","hybrid","Society"
"75","https://openalex.org/S153677060",98,0.1073,0.1331,0.7596,0.4392,0.5097,0.0798,0.127,0.1403,0.3044,0.3103,"Journal of the Marine Biological Association of the United Kingdom","Journal of the Marine Biological Association of the United Kingdom","fp","hybrid","Non-profit"
"76","https://openalex.org/S154213423",24,0.0583,0.0876,0.8542,0.333,0.3753,0.0602,0.1057,0.142,0.3087,0.3289,"Fungal Biology Reviews","Fungal Biology Reviews","fp","subscription","Society"
"77","https://openalex.org/S154343897",480,0.1978,0.0255,0.7767,0.894,0.079,0.1905,0.0622,0.2085,0.2167,0.1576,"PLoS Biology","PLoS Biology","np","OA","Non-profit"
"78","https://openalex.org/S15478688",24,0.1825,0.214,0.6036,0.3596,0.4321,0.1365,0.1437,0.2297,0.2481,0.2781,"Ardeola","Ardeola","np","subscription","Non-profit"
"79","https://openalex.org/S157690423",225,0.2183,0.2208,0.5609,0.433,0.4337,0.1218,0.1253,0.2059,0.219,0.2192,"Animal Behaviour","Animal Behaviour","fp","hybrid","Society"
"80","https://openalex.org/S158789388",67,0.1553,0.1502,0.6945,0.4955,0.4598,0.1107,0.1425,0.1577,0.272,0.269,"Journal of Hymenoptera Research","Journal of Hymenoptera Research","fp","OA","Society"
"81","https://openalex.org/S159699259",105,0.1844,0.1689,0.6467,0.5025,0.4785,0.1081,0.0762,0.1302,0.1717,0.1703,"Botanical Journal of the Linnean Society","Botanical Journal of the Linnean Society","np","hybrid","Society"
"82","https://openalex.org/S160223955",44,0.1749,0.0359,0.7892,0.8417,0.1128,0.1185,0.0577,0.1534,0.2564,0.1785,"Cold Spring Harbor Perspectives in Biology","Cold Spring Harbor Perspectives in Biology","np","subscription","Non-profit"
"83","https://openalex.org/S163259234",106,0.2447,0.0282,0.7271,0.8502,0.1027,0.1578,0.0514,0.1563,0.2573,0.175,"Acarologia","Acarologia","np","diamond_OA","Uni/Gov"
"84","https://openalex.org/S163860444",252,0.0323,0.1581,0.8096,0.0935,0.2478,0.0753,0.3107,0.3233,0.2085,0.3814,"Taxon","Taxon","fp","hybrid","Society"
"85","https://openalex.org/S164789166",115,0.0943,0.214,0.6916,0.3018,0.5939,0.0747,0.1797,0.1937,0.2147,0.2772,"Journal of Phycology","Journal of Phycology","fp","hybrid","Society"
"86","https://openalex.org/S165027284",60,0.1434,0.1355,0.7211,0.5105,0.4728,0.0907,0.089,0.1373,0.263,0.2618,"Acta Botanica Brasilica","Acta Botanica Brasilica","np","OA","Society"
"87","https://openalex.org/S165569574",129,0.2272,0.1674,0.6054,0.4866,0.3584,0.1907,0.1422,0.2272,0.3037,0.2687,"Journal of Mammalogy","Journal of Mammalogy","np","hybrid","Society"
"88","https://openalex.org/S166870025",142,0.1049,0.2561,0.639,0.2498,0.5811,0.0724,0.1596,0.2027,0.1699,0.292,"Ecological Applications","Ecological Applications","fp","hybrid","Society"
"89","https://openalex.org/S170105747",116,0.0993,0.1306,0.7701,0.4074,0.4978,0.0947,0.1552,0.2029,0.2555,0.2719,"Hormones and Behavior","Hormones and Behavior","fp","hybrid","Society"
"90","https://openalex.org/S17068196",109,0.1399,0.2602,0.5999,0.3107,0.5517,0.094,0.1677,0.2083,0.1976,0.2693,"Biotropica","Biotropica","fp","hybrid","Society"
"91","https://openalex.org/S171033905",150,0.0568,0.0399,0.9033,0.4669,0.4265,0.0958,0.0406,0.101,0.3828,0.3771,"Letters in Applied Microbiology","Letters in Applied Microbiology","fp","hybrid","Society"
"92","https://openalex.org/S171282171",166,0.0962,0.1478,0.756,0.3906,0.5552,0.0603,0.092,0.1182,0.2096,0.2301,"FEMS Microbiology Ecology","FEMS Microbiology Ecology","fp","hybrid","Society"
"93","https://openalex.org/S173817438",11,0.1194,0.1006,0.78,0.3092,0.3272,0.1437,0.1382,0.2295,0.4073,0.416,"Cryptogamie Mycologie","Cryptogamie Mycologie","np","diamond_OA","Museum"
"94","https://openalex.org/S17425584",82,0.053,0.0986,0.8485,0.3893,0.5619,0.042,0.0883,0.1009,0.2875,0.302,"Agronomy for Sustainable Development","Agronomy for Sustainable Development","fp","hybrid","Uni/Gov"
"95","https://openalex.org/S174303711",252,0.1539,0.2684,0.5777,0.3226,0.5623,0.1101,0.1528,0.2016,0.2068,0.2654,"Functional Ecology","Functional Ecology","fp","hybrid","Society"
"96","https://openalex.org/S175034139",46,0.1363,0.2956,0.568,0.2953,0.5743,0.0834,0.1738,0.2088,0.1998,0.2777,"Wildlife Biology","Wildlife Biology","fp","OA","Society"
"97","https://openalex.org/S175935889",39,0.141,0.1997,0.6594,0.3301,0.4647,0.0982,0.1358,0.2108,0.2219,0.2785,"Mammal Review","Mammal Review","fp","hybrid","Society"
"98","https://openalex.org/S177710124",106,0.2337,0.0588,0.7075,0.5182,0.1516,0.2832,0.137,0.2924,0.4631,0.3037,"The Coleopterists Bulletin","Coleopterists Bulletin","np","subscription","Society"
"99","https://openalex.org/S178451187",125,0.0864,0.1724,0.7412,0.309,0.523,0.0862,0.1672,0.1922,0.2935,0.3498,"Nordic Journal of Botany","Nordic Journal of Botany","fp","hybrid","Society"
"100","https://openalex.org/S179032277",9,0.0953,0.1407,0.764,0.3402,0.4375,0.1002,0.1446,0.1608,0.3789,0.4098,"Cryptogamie Algologie","Cryptogamie Algologie","np","diamond_OA","Museum"
"101","https://openalex.org/S179963793",60,0.0586,0.3205,0.6209,0.1399,0.7601,0.052,0.1621,0.1777,0.1151,0.2763,"Applied Vegetation Science","Applied Vegetation Science","fp","hybrid","Society"
"102","https://openalex.org/S182829932",24,0.1444,0.1283,0.7272,0.3192,0.3058,0.1796,0.1446,0.2529,0.3191,0.3108,"American Fern Journal","American Fern Journal","np","subscription","Society"
"103","https://openalex.org/S184316860",87,0.0333,0.0704,0.8963,0.2936,0.5685,0.0421,0.0864,0.1087,0.3143,0.3703,"Journal of Arid Land","Journal of Arid Land","fp","hybrid","Uni/Gov"
"104","https://openalex.org/S185825760",15,0.2508,0.1875,0.5616,0.5834,0.4166,0.1133,0.1232,0.1215,0.2388,0.2388,"Australian Journal of Zoology","Australian Journal of Zoology","np","hybrid","Uni/Gov"
"105","https://openalex.org/S18660344",62,0.0945,0.2295,0.676,0.2581,0.6451,0.085,0.1414,0.1692,0.2281,0.3002,"Fungal ecology","Fungal Ecology","fp","subscription","Society"
"106","https://openalex.org/S187344466",83,0.0654,0.089,0.8456,0.4034,0.4641,0.0566,0.0887,0.1231,0.3087,0.3216,"Fungal Biology","Fungal Biology","fp","hybrid","Society"
"107","https://openalex.org/S188482970",68,0.2122,0.2056,0.5822,0.4237,0.3999,0.1774,0.1569,0.2474,0.2762,0.2683,"Ornithological Applications","Ornithological Applications","np","hybrid","Society"
"108","https://openalex.org/S188770946",57,0.0737,0.2008,0.7255,0.284,0.6985,0.0524,0.1135,0.1358,0.1892,0.2078,"Mycologia","Mycologia","fp","subscription","Society"
"109","https://openalex.org/S190005928",32,0.2501,0.0855,0.6643,0.731,0.2378,0.1065,0.066,0.1375,0.1869,0.1379,"Invertebrate Systematics","Invertebrate Systematics","np","hybrid","Uni/Gov"
"110","https://openalex.org/S190011727",31,0.1748,0.0952,0.73,0.6269,0.3731,0.0857,0.0509,0.1059,0.1849,0.1849,"Organisms Diversity & Evolution","Organisms Diversity & Evolution","fp","hybrid","Society"
"111","https://openalex.org/S190575794",1,0.3889,0.0556,0.5556,0.875,0.125,NA,NA,NA,NA,NA,"Zoological studies","Zoological Studies","np","diamond_OA","Uni/Gov"
"112","https://openalex.org/S191257319",222,0.0886,0.2595,0.6519,0.2414,0.6775,0.066,0.1585,0.1799,0.1716,0.2549,"Restoration Ecology","Restoration Ecology","fp","hybrid","Society"
"113","https://openalex.org/S191597982",81,0.0605,0.0906,0.8489,0.3263,0.5502,0.0775,0.0823,0.1175,0.3225,0.3633,"Journal of Coastal Conservation","Journal of Coastal Conservation","fp","hybrid","Non-profit"
"114","https://openalex.org/S191717031",51,0.1778,0.1622,0.66,0.5018,0.4198,0.1111,0.1165,0.1686,0.2767,0.2646,"Systematic Botany","Systematic Botany","np","hybrid","Society"
"115","https://openalex.org/S193683933",16,0.0708,0.0744,0.8548,0.2599,0.2401,0.0951,0.121,0.1776,0.3443,0.3287,"Annales Zoologici Fennici","Annales Zoologici Fennici","np","hybrid","Uni/Gov"
"116","https://openalex.org/S194129668",39,0.185,0.2273,0.5877,0.4655,0.5345,0.0697,0.1111,0.1193,0.1593,0.1593,"Bird Conservation International","Bird Conservation International","np","hybrid","Non-profit"
"117","https://openalex.org/S194236184",168,0.128,0.2303,0.6416,0.3486,0.6454,0.0824,0.1203,0.1727,0.1709,0.176,"Urban Ecosystems","Urban Ecosystems","fp","hybrid","Society"
"118","https://openalex.org/S194652459",52,0.2302,0.1742,0.5957,0.5405,0.4211,0.1339,0.0899,0.145,0.2176,0.2065,"New Zealand Journal of Ecology","New Zealand Journal of Ecology","np","OA","Society"
"119","https://openalex.org/S194752149",142,0.0799,0.22,0.7002,0.2173,0.5503,0.0725,0.1736,0.2091,0.1883,0.3367,"American Journal of Primatology","American Journal of Primatology","fp","subscription","Society"
"120","https://openalex.org/S196799759",140,0.166,0.0286,0.8054,0.8211,0.136,0.1175,0.04,0.1254,0.241,0.1688,"Microbiology","Microbiology","np","hybrid","Society"
"121","https://openalex.org/S197402693",52,0.2236,0.2056,0.5708,0.4735,0.4303,0.1169,0.1155,0.181,0.2135,0.2034,"Journal of Field Ornithology","Journal of Field Ornithology","fp","hybrid","Society"
"122","https://openalex.org/S197406704",39,0.2751,0.1106,0.6143,0.7143,0.2857,0.1944,0.0872,0.1938,0.2099,0.2099,"The Canadian Entomologist","Canadian Entomologist","np","hybrid","Society"
"123","https://openalex.org/S197671267",35,0.2614,0.2775,0.4611,0.5063,0.4937,0.1021,0.1233,0.1518,0.1769,0.1769,"Ardea","Ardea","np","hybrid","Society"
"124","https://openalex.org/S199286587",111,0.1349,0.2111,0.654,0.3633,0.5376,0.1057,0.1743,0.1919,0.2344,0.269,"Marine Mammal Science","Marine Mammal Science","fp","hybrid","Society"
"125","https://openalex.org/S199296737",32,0.1653,0.3832,0.4515,0.3117,0.6883,0.1037,0.1679,0.1538,0.1765,0.1765,"Bird Study","Bird Study","fp","subscription","Non-profit"
"126","https://openalex.org/S200038611",217,0.1723,0.1165,0.7112,0.5663,0.3646,0.1178,0.0944,0.1497,0.2591,0.2305,"ICES Journal of Marine Science","ICES Journal of Marine Science","np","OA","Society"
"127","https://openalex.org/S200472310",11,0.0672,0.1372,0.7956,0.1468,0.4895,0.133,0.1367,0.2069,0.2524,0.4481,"Cryptogamie Bryologie","Cryptogamie Bryologie","np","diamond_OA","Museum"
"128","https://openalex.org/S200794352",182,0.1569,0.3136,0.5295,0.3072,0.6159,0.0937,0.1405,0.1786,0.1663,0.227,"Oikos","Oikos","fp","hybrid","Society"
"129","https://openalex.org/S201386569",38,0.1075,0.2006,0.6919,0.2291,0.4025,0.0989,0.183,0.2608,0.2121,0.3326,"Ecological Monographs","Ecological Monographs","fp","hybrid","Society"
"130","https://openalex.org/S202303835",51,0.0552,0.0295,0.9153,0.1242,0.0915,0.1465,0.0858,0.1767,0.3106,0.2652,"Amphibia-Reptilia","Amphibia-Reptilia","fp","hybrid","Society"
"131","https://openalex.org/S202381698",14967,0.0771,0.0148,0.9081,0.6264,0.0994,0.1623,0.0492,0.173,0.4471,0.2355,"PLoS ONE","PLoS ONE","np","OA","Non-profit"
"132","https://openalex.org/S20257348",546,0.4734,0.0637,0.4629,0.7774,0.1494,0.358,0.1118,0.3349,0.2869,0.1903,"Journal of Experimental Biology","Journal of Experimental Biology","np","hybrid","Non-profit"
"133","https://openalex.org/S205086949",171,0.1767,0.2119,0.6114,0.3952,0.4586,0.111,0.1375,0.2165,0.2181,0.2385,"American Journal of Botany","American Journal of Botany","fp","hybrid","Society"
"134","https://openalex.org/S205679754",131,0.0352,0.0883,0.8765,0.2532,0.6628,0.0414,0.0713,0.0949,0.2637,0.3228,"Pedosphere","Pedosphere","fp","subscription","Society"
"135","https://openalex.org/S207270806",60,0.128,0.1074,0.7646,0.4688,0.3645,0.0989,0.0979,0.1554,0.3187,0.2896,"Mediterranean Marine Science","Mediterranean Marine Science","np","diamond_OA","Uni/Gov"
"136","https://openalex.org/S22041155",23,0.1169,0.1885,0.6945,0.3707,0.4988,0.0758,0.1347,0.179,0.2362,0.2707,"Ecoscience","Ecoscience","fp","hybrid","Uni/Gov"
"137","https://openalex.org/S2254258",202,0.1857,0.2106,0.6037,0.46,0.5103,0.1252,0.1181,0.1736,0.1992,0.203,"Annals of Botany","Annals of Botany","np","hybrid","Non-profit"
"138","https://openalex.org/S23218126",33,0.0709,0.1078,0.8213,0.4009,0.5082,0.0546,0.0877,0.1236,0.2896,0.3064,"Aquatic Living Resources","Aquatic Living Resources","fp","diamond_OA","Uni/Gov"
"139","https://openalex.org/S2485448675",53,0.1527,0.0228,0.8245,0.7426,0.0875,0.2233,0.0554,0.2288,0.3835,0.1836,"Interface Focus","Interface Focus","np","hybrid","Society"
"140","https://openalex.org/S2486232989",18,0.1158,0.1228,0.7614,0.4139,0.3638,0.0909,0.1232,0.1729,0.3189,0.2999,"Animal Biodiversity and Conservation","Animal Biodiversity and Conservation","np","diamond_OA","Museum"
"141","https://openalex.org/S24891482",59,0.1947,0.0624,0.743,0.5109,0.1671,0.2285,0.1353,0.2677,0.4326,0.273,"Annales Zoologici","Annales Zoologici","np","subscription","Uni/Gov"
"142","https://openalex.org/S2490919458",37,0.1067,0.1028,0.7905,0.3938,0.3629,0.0869,0.0976,0.1465,0.3004,0.2872,"Freshwater Science","Freshwater Science","np","hybrid","Society"
"143","https://openalex.org/S2491293328",23,0.156,0.0589,0.7851,0.6968,0.2163,0.1139,0.0575,0.1594,0.2792,0.1851,"Annual Review of Animal Biosciences","Annual Review of Animal Biosciences","np","subscription","Non-profit"
"144","https://openalex.org/S2505486193",13,0.0976,0.234,0.6685,0.2901,0.7099,0.0551,0.111,0.134,0.137,0.137,"Alpine Botany","Alpine Botany","fp","hybrid","Society"
"145","https://openalex.org/S25093289",139,0.1551,0.2647,0.5802,0.3511,0.5697,0.0941,0.1348,0.1747,0.2064,0.245,"Ecography","Ecography","fp","OA","Society"
"146","https://openalex.org/S25612858",119,0.0261,0.0793,0.8946,0.1998,0.6406,0.0345,0.0859,0.0997,0.2199,0.3454,"European Journal of Soil Science","European Journal of Soil Science","fp","hybrid","Society"
"147","https://openalex.org/S25861425",7,0.14,0.1845,0.6754,0.4633,0.5367,0.0425,0.1073,0.1208,0.1631,0.1631,"Belgian journal of zoology","Belgian Journal of Zoology","np","diamond_OA","Society"
"148","https://openalex.org/S26519103",85,0.0774,0.1984,0.7242,0.3136,0.6864,0.0524,0.1099,0.1324,0.2189,0.2189,"Mycological Progress","Mycological Progress","fp","hybrid","Society"
"149","https://openalex.org/S26596028",138,0.1431,0.1378,0.7191,0.4369,0.324,0.1123,0.1863,0.2208,0.3118,0.2647,"Entomologia Experimentalis et Applicata","Entomologia Experimentalis et Applicata","fp","hybrid","Society"
"150","https://openalex.org/S2734413303",337,0.1485,0.0141,0.8374,0.7983,0.0415,0.1833,0.059,0.1967,0.3722,0.1299,"National Science Review","National Science Review","np","OA","Uni/Gov"
"151","https://openalex.org/S2734435911",112,0.188,0.1514,0.6605,0.543,0.4124,0.0987,0.0918,0.1523,0.2095,0.1949,"Conservation Physiology","Conservation Physiology","np","OA","Society"
"152","https://openalex.org/S2735356129",26,0.2045,0.1053,0.6902,0.6253,0.2978,0.0911,0.0754,0.1261,0.2445,0.1832,"Insect Systematics and Diversity","Insect Systematics and Diversity","np","hybrid","Society"
"153","https://openalex.org/S2735987199",47,0.1098,0.3126,0.5776,0.2777,0.7223,0.0734,0.1597,0.17,0.1922,0.1922,"Journal of Plant Ecology","Journal of Plant Ecology","fp","OA","Society"
"154","https://openalex.org/S2736862409",67,0.0837,0.173,0.7432,0.272,0.4743,0.0734,0.1706,0.2063,0.2232,0.3193,"Applications in Plant Sciences","Applications in Plant Sciences","fp","OA","Society"
"155","https://openalex.org/S2737072921",12,0.1506,0.0826,0.7668,0.4436,0.223,0.1411,0.0889,0.2158,0.3545,0.2133,"Revue de primatologie","Revue de Primatologie","np","diamond_OA","Society"
"156","https://openalex.org/S2737234030",63,0.0818,0.1835,0.7347,0.2437,0.5658,0.0791,0.1374,0.1857,0.1889,0.3131,"Remote Sensing in Ecology and Conservation","Remote Sensing in Ecology and Conservation","fp","OA","Society"
"157","https://openalex.org/S2737427234",2138,0.1046,0.0129,0.8825,0.8944,0.0527,0.0784,0.0436,0.1006,0.2532,0.14,"Science Advances","Science Advances","np","OA","Society"
"158","https://openalex.org/S2737558550",597,0.1558,0.0663,0.7779,0.7702,0.1845,0.1276,0.1002,0.1909,0.2766,0.2235,"Royal Society Open Science","Royal Society Open Science","np","OA","Society"
"159","https://openalex.org/S2738063279",153,0.2532,0.0235,0.7233,0.7911,0.0782,0.3299,0.0641,0.3348,0.3534,0.1762,"Biology Open","Biology Open","np","OA","Non-profit"
"160","https://openalex.org/S2739093061",42,0.0907,0.2253,0.6841,0.2939,0.6823,0.0441,0.107,0.1297,0.1442,0.174,"Mycosphere","Mycosphere","np","diamond_OA","Uni/Gov"
"161","https://openalex.org/S2764351231",160,0.1676,0.0747,0.7577,0.6454,0.3046,0.1476,0.0729,0.1569,0.3229,0.2952,"European Journal of Taxonomy","European Journal of Taxonomy","np","diamond_OA","Museum"
"162","https://openalex.org/S2764388058",9,0.2045,0.2466,0.5489,0.4578,0.5422,0.1628,0.1371,0.1762,0.2442,0.2442,"Web Ecology","Web Ecology","np","diamond_OA","Society"
"163","https://openalex.org/S2764395723",8,0.1803,0.335,0.4847,0.2996,0.5754,0.1259,0.1797,0.2499,0.219,0.2956,"Ringing & Migration","Ringing and Migration","fp","subscription","Society"
"164","https://openalex.org/S2764419951",262,0.1632,0.1302,0.7066,0.4671,0.3421,0.1579,0.1626,0.2193,0.3792,0.3461,"Journal of Threatened Taxa","Journal of Threatened Taxa","np","OA","Society"
"165","https://openalex.org/S2764429979",43,0.1613,0.0767,0.762,0.6613,0.2922,0.1031,0.0781,0.1287,0.2721,0.2376,"Zoosystematics and Evolution","Zoosystematics and Evolution","fp","OA","Museum"
"166","https://openalex.org/S2764437286",40,0.1861,0.0028,0.8111,0.2375,0.0125,0.3665,0.0176,0.3663,0.4235,0.0791,"The Bulletin of zoological nomenclature","Bulletin of Zoological Nomenclature","np","diamond_OA","Uni/Gov"
"167","https://openalex.org/S2764453701",49,0.0741,0.1299,0.796,0.2725,0.4826,0.079,0.1452,0.1862,0.2434,0.3343,"Management of Biological Invasions","Management of Biological Invasions","fp","OA","Non-profit"
"168","https://openalex.org/S2764636758",19,0.1444,0.2656,0.59,0.3764,0.5709,0.1139,0.1565,0.1702,0.3049,0.3221,"African Journal of Wildlife Research","African Journal of Wildlife Research","np","subscription","Society"
"169","https://openalex.org/S2764756136",32,0.2306,0.0598,0.7096,0.6259,0.1554,0.19,0.0959,0.2233,0.4045,0.2396,"Arachnology","Arachnology","np","subscription","Society"
"170","https://openalex.org/S2764756569",20,0.1683,0.1072,0.7245,0.4807,0.2693,0.1292,0.1119,0.2024,0.3423,0.2481,"Journal of Caribbean Ornithology","Journal of Caribbean Ornithology","np","OA","Society"
"171","https://openalex.org/S2764766708",2152,0.0956,0.0245,0.8799,0.7759,0.1474,0.0689,0.0471,0.0874,0.3133,0.2235,"Microbiology Spectrum","Microbiology Spectrum","np","OA","Society"
"172","https://openalex.org/S2764844841",25,0.2044,0.2838,0.5117,0.4087,0.5513,0.0817,0.1188,0.1474,0.1593,0.1769,"Journal of Pollination Ecology","Journal of Pollination Ecology","np","diamond_OA","Society"
"173","https://openalex.org/S2764848816",25,0.0735,0.0667,0.8598,0.4273,0.2927,0.0854,0.1121,0.1537,0.4102,0.3592,"Bangladesh Journal of Zoology","Bangladesh Journal of Zoology","np","diamond_OA","Society"
"174","https://openalex.org/S2764961542",30,0.1663,0.0638,0.7699,0.4057,0.2276,0.2199,0.0899,0.2497,0.4057,0.3115,"Lankesteriana","Lankesteriana","np","subscription","other"
"175","https://openalex.org/S2765035552",22,0.0557,0.0398,0.9045,0.3864,0.25,0.0764,0.0741,0.1018,0.4612,0.4009,"Neotropical Helminthology","Neotropical Helminthology","np","diamond_OA","Society"
"176","https://openalex.org/S2765041714",34,0.1502,0.1382,0.7116,0.3833,0.3814,0.1283,0.0989,0.2004,0.2663,0.2654,"Frontiers of Biogeography","Frontiers of Biogeography","np","OA","Society"
"177","https://openalex.org/S285199",10,0.168,0.2202,0.6118,0.4275,0.5725,0.0684,0.095,0.124,0.1927,0.1927,"The Botanical Review","Botanical Review","fp","hybrid","Museum"
"178","https://openalex.org/S28739527",46,0.1585,0.2408,0.6007,0.4137,0.5428,0.0891,0.1748,0.1933,0.1953,0.2095,"Mammalian Biology","Mammalian Biology","fp","hybrid","Society"
"179","https://openalex.org/S28964699",253,0.0203,0.106,0.8737,0.1977,0.6837,0.0323,0.1334,0.1379,0.2858,0.3735,"Archives of Sexual Behavior","Archives of Sexual Behavior","fp","hybrid","Society"
"180","https://openalex.org/S2898175082",44,0.1691,0.2283,0.6025,0.4428,0.5572,0.0925,0.1396,0.1636,0.2114,0.2114,"Perspectives in Ecology and Conservation","Perspectives in Ecology and Conservation","fp","diamond_OA","Non-profit"
"181","https://openalex.org/S3006207977",571,0.2487,0.1501,0.6012,0.6541,0.3301,0.133,0.125,0.1811,0.231,0.2196,"Proceedings of the Royal Society B Biological Sciences","Proceedings of the Royal Society B - Biological Sciences","np","hybrid","Society"
"182","https://openalex.org/S30982003",90,0.1714,0.2249,0.6037,0.3701,0.4855,0.1058,0.1308,0.1967,0.2135,0.2498,"Ecological Entomology","Ecological Entomology","fp","hybrid","Society"
"183","https://openalex.org/S31465112",196,0.071,0.0687,0.8603,0.3532,0.4121,0.0867,0.0701,0.1301,0.3319,0.3523,"Journal of Anatomy","Journal of Anatomy","fp","hybrid","Society"
"184","https://openalex.org/S31493525",690,0.0354,0.0534,0.9112,0.3598,0.4909,0.047,0.0778,0.1047,0.3482,0.3753,"South African Journal of Botany","South African Journal of Botany","fp","hybrid","Society"
"185","https://openalex.org/S32610980",505,0.146,0.0914,0.7625,0.5866,0.3837,0.1152,0.0614,0.1268,0.2127,0.198,"Journal of Experimental Botany","Journal of Experimental Botany","np","hybrid","Society"
"186","https://openalex.org/S33382538",16,0.1292,0.2848,0.586,0.2968,0.7032,0.0794,0.09,0.1307,0.1328,0.1328,"Plant Ecology & Diversity","Plant Ecology and Diversity","fp","hybrid","Society"
"187","https://openalex.org/S33456383",178,0.1838,0.2678,0.5484,0.3477,0.5006,0.1189,0.1545,0.2204,0.2069,0.2572,"Journal of Animal Ecology","Journal of Animal Ecology","fp","hybrid","Society"
"188","https://openalex.org/S33674063",149,0.0129,0.0008,0.9863,0.0324,0.0079,0.0941,0.007,0.0953,0.1748,0.0831,"Systematic and Applied Acarology","Systematic and Applied Acarology","np","hybrid","Society"
"189","https://openalex.org/S34358731",60,0.1848,0.0774,0.7379,0.7399,0.2601,0.166,0.0903,0.1981,0.2475,0.2475,"ZOOLOGICAL SCIENCE","Zoological Science","np","hybrid","Society"
"190","https://openalex.org/S35917800",271,0.1364,0.2639,0.5997,0.2613,0.4952,0.115,0.1868,0.2561,0.2099,0.3182,"Ecology","Ecology","fp","hybrid","Society"
"191","https://openalex.org/S36438966",40,0.1319,0.1121,0.756,0.5175,0.3575,0.1175,0.1047,0.1688,0.3041,0.2682,"European Journal of Entomology","European Journal of Entomology","np","OA","Uni/Gov"
"192","https://openalex.org/S37847780",49,0.1283,0.0518,0.8199,0.6214,0.2766,0.1005,0.0772,0.1166,0.3542,0.2993,"Records of the Australian Museum","Records of the Australian Museum","np","diamond_OA","Museum"
"193","https://openalex.org/S38301578",13,0.1159,0.2373,0.6467,0.303,0.697,0.0889,0.1167,0.1599,0.2229,0.2229,"Polish Journal of Ecology","Polish Journal of Ecology","np","subscription","Society"
"194","https://openalex.org/S3880285",1969,0.108,0.0181,0.8739,0.5004,0.0475,0.1549,0.0719,0.1826,0.4751,0.1445,"Science","Science","np","subscription","Society"
"195","https://openalex.org/S38880878",206,0.137,0.22,0.6431,0.3636,0.5442,0.0917,0.142,0.1703,0.223,0.2578,"Austral Ecology","Austral Ecology","fp","hybrid","Society"
"196","https://openalex.org/S39794811",321,0.0506,0.043,0.9064,0.5167,0.3836,0.0431,0.0481,0.068,0.3567,0.3376,"Journal of Applied Microbiology","Journal of Applied Microbiology","fp","hybrid","Society"
"197","https://openalex.org/S40395498",2,0.2028,0.1,0.6972,0.7188,0.2812,0.0668,0.1414,0.0747,0.3977,0.3977,"Ideas in Ecology and Evolution","Ideas in Ecology and Evolution","np","OA","Uni/Gov"
"198","https://openalex.org/S40752542",44,0.1855,0.1047,0.7098,0.5219,0.2963,0.1077,0.0741,0.1532,0.2892,0.2041,"Systematic Entomology","Systematic Entomology","fp","hybrid","Society"
"199","https://openalex.org/S4078192",65,0.1681,0.0856,0.7463,0.556,0.2594,0.1254,0.1301,0.1844,0.3152,0.2092,"Zoologica Scripta","Zoologica Scripta","fp","hybrid","Uni/Gov"
"200","https://openalex.org/S4147745",122,0.1701,0.247,0.5829,0.3559,0.4883,0.1117,0.1726,0.2215,0.219,0.2622,"Ibis","Ibis","fp","hybrid","Society"
"201","https://openalex.org/S42032724",47,0.228,0.1985,0.5735,0.5332,0.4242,0.1141,0.1565,0.1626,0.2386,0.2285,"Insectes Sociaux","Insectes Sociaux","fp","hybrid","Society"
"202","https://openalex.org/S4210167524",9,0.1196,0.0423,0.8381,0.6096,0.2793,0.1123,0.0768,0.1054,0.4588,0.4113,"Nota Lepidopterologica","Nota Lepidopterologica","fp","OA","Society"
"203","https://openalex.org/S4210167999",23,0.0341,0.0315,0.9343,0.2961,0.2257,0.0623,0.0682,0.0903,0.4497,0.4087,"Silva Balcanica","Silva Balcanica","np","diamond_OA","Uni/Gov"
"204","https://openalex.org/S4210169531",10,0.055,0.0736,0.8714,0.2168,0.4832,0.0941,0.0851,0.143,0.2961,0.4201,"Journal of Ecohydraulics","Journal of Ecohydraulics","fp","hybrid","Society"
"205","https://openalex.org/S4210170475",26,0.0924,0.1608,0.7469,0.4357,0.5643,0.0517,0.1269,0.1351,0.227,0.227,"IMA Fungus","IMA Fungus","fp","OA","Society"
"206","https://openalex.org/S4210176965",55,0.1073,0.1265,0.7662,0.4266,0.4643,0.0679,0.0968,0.1322,0.2285,0.2375,"Phytobiomes Journal","Phytobiomes Journal","np","hybrid","Society"
"207","https://openalex.org/S4210178044",88,0.0168,0.0402,0.9431,0.056,0.0804,0.0528,0.1434,0.174,0.1811,0.2325,"Bulletin of the Ecological Society of America","Bulletin of the Ecological Society of America","fp","hybrid","Society"
"208","https://openalex.org/S4210181637",57,0.0699,0.1093,0.8207,0.353,0.5066,0.0626,0.0958,0.14,0.2675,0.3058,"Journal of Sustainable Agriculture and Environment","Journal of Sustainable Agriculture and Environment","fp","OA","Society"
"209","https://openalex.org/S4210181942",295,0.1243,0.0572,0.8185,0.7193,0.2468,0.0745,0.0729,0.1082,0.2743,0.2433,"mSystems","mSystems","np","OA","Society"
"210","https://openalex.org/S4210185428",21,0.255,0.0335,0.7114,0.7547,0.1024,0.1687,0.058,0.1713,0.3646,0.1872,"Novitates Caribaea","Novitates Caribaea","np","diamond_OA","Museum"
"211","https://openalex.org/S4210186268",71,0.3145,0.1161,0.5694,0.748,0.252,0.1007,0.0775,0.1438,0.1403,0.1403,"Evolution Letters","Evolution Letters","np","OA","Society"
"212","https://openalex.org/S4210188621",42,0.1766,0.1197,0.7037,0.6076,0.3924,0.0848,0.0779,0.1203,0.2127,0.2127,"Arthropod Systematics & Phylogeny","Arthropod Systematics and Phylogeny","np","diamond_OA","Museum"
"213","https://openalex.org/S4210188975",117,0.2022,0.0726,0.7252,0.7227,0.2261,0.1198,0.0785,0.1514,0.255,0.1983,"Journal of Insect Science","Journal of Insect Science","np","OA","Society"
"214","https://openalex.org/S4210189550",88,0.117,0.214,0.669,0.3766,0.6234,0.0659,0.1317,0.142,0.1757,0.1757,"NeoBiota","NeoBiota","fp","OA","Society"
"215","https://openalex.org/S4210193559",37,0.08,0.1071,0.8129,0.3765,0.5424,0.0729,0.1026,0.1305,0.284,0.3074,"Botanica Serbica","Botanica Serbica","np","diamond_OA","Uni/Gov"
"216","https://openalex.org/S4210194329",101,0.1109,0.2559,0.6332,0.2843,0.6166,0.0793,0.1738,0.2088,0.1857,0.2602,"Ecological Solutions and Evidence","Ecological Solutions & Evidence","fp","OA","Society"
"217","https://openalex.org/S4210197576",20,0.1111,0.1468,0.7421,0.2332,0.4168,0.1503,0.1509,0.2789,0.2593,0.3672,"Mediterranean Botany","Mediterranean Botany","np","diamond_OA","Uni/Gov"
"218","https://openalex.org/S4210199543",27,0.1461,0.0882,0.7656,0.448,0.2927,0.1433,0.1187,0.1887,0.3733,0.3123,"Flora Mediterranea","Flora Mediterranea","np","OA","Society"
"219","https://openalex.org/S4210201176",766,0.1394,0.0199,0.8407,0.8807,0.0932,0.0826,0.0438,0.0962,0.2222,0.1696,"mBio","mBio","np","OA","Society"
"220","https://openalex.org/S4210202872",46,0.1103,0.1988,0.691,0.3799,0.5983,0.0708,0.1695,0.1765,0.2411,0.251,"Botany Letters","Botany Letters","fp","hybrid","Society"
"221","https://openalex.org/S4210204291",19,0.0093,0.0181,0.9726,0.0526,0.1053,0.0282,0.0456,0.0655,0.1577,0.2677,"Contributions to Zoology","Contributions to Zoology","fp","OA","Museum"
"222","https://openalex.org/S4210207018",262,0.1228,0.0184,0.8588,0.8168,0.1183,0.0936,0.0315,0.0988,0.2813,0.1834,"mSphere","mSphere","np","OA","Society"
"223","https://openalex.org/S4210210983",8,0.0832,0.0658,0.8509,0.2401,0.1349,0.1206,0.1206,0.2327,0.3564,0.2277,"Peer Community In Zoology","Peer Community In Zoology","np","diamond_OA","Non-profit"
"224","https://openalex.org/S4210213692",40,0.1511,0.1515,0.6974,0.4638,0.4862,0.1029,0.1035,0.1506,0.296,0.298,"Journal of Vertebrate Biology","Journal of Vertebrate Biology","np","diamond_OA","Uni/Gov"
"225","https://openalex.org/S4210213932",25,0.0371,0.3424,0.6205,0.1376,0.8624,0.0362,0.2274,0.2137,0.1821,0.1821,"Vegetation Classification and Survey","Vegetation Classification and Survey","fp","OA","Society"
"226","https://openalex.org/S4210215492",21,0.1596,0.0849,0.7556,0.6491,0.3033,0.116,0.0885,0.1679,0.2952,0.2643,"Evolutionary Systematics","Evolutionary Systematics","fp","OA","Uni/Gov"
"227","https://openalex.org/S4210216802",6,0.0811,0.026,0.8929,0.6195,0.2139,0.0593,0.0304,0.0648,0.411,0.2963,"Peer Community In Animal Science","Peer Community In Animal Science","np","diamond_OA","Non-profit"
"228","https://openalex.org/S4210217666",22,0.1293,0.112,0.7588,0.4349,0.3378,0.1196,0.1203,0.1962,0.3253,0.2876,"Alpine Entomology","Alpine Entomology","fp","OA","Society"
"229","https://openalex.org/S4210218052",746,0.034,0.0401,0.9259,0.3258,0.3498,0.0525,0.0675,0.0843,0.4116,0.4209,"Wellcome Open Research","Wellcome Open Research","fp","OA","other"
"230","https://openalex.org/S4210220774",154,0.0877,0.1285,0.7838,0.3789,0.5302,0.0616,0.091,0.1266,0.2161,0.246,"People and Nature","People & Nature","fp","OA","Society"
"231","https://openalex.org/S4210221246",40,0.0746,0.1068,0.8185,0.1395,0.2105,0.1448,0.1793,0.2701,0.2581,0.3375,"Peer Community In Ecology","Peer Community In Ecology","np","diamond_OA","Non-profit"
"232","https://openalex.org/S4210221877",20,0.0926,0.1941,0.7133,0.3678,0.6322,0.0492,0.1561,0.1577,0.213,0.213,"Italian Botanist","Italian Botanist","fp","OA","Society"
"233","https://openalex.org/S4210227165",96,0.0979,0.0753,0.8269,0.4874,0.3667,0.0705,0.0644,0.1126,0.2689,0.2335,"Plant Direct","Plant Direct","fp","OA","Society"
"234","https://openalex.org/S4210228833",34,0.1748,0.1229,0.7023,0.6115,0.3885,0.0854,0.0922,0.1411,0.2545,0.2545,"Herpetozoa","Herpetozoa","fp","OA","Society"
"235","https://openalex.org/S4210231135",30,0.0779,0.0398,0.8823,0.2172,0.0828,0.1314,0.0957,0.2035,0.3615,0.1828,"Peer Community in Evolutionary Biology","Peer Community In Evolutionary Biology","np","diamond_OA","Non-profit"
"236","https://openalex.org/S4210231449",117,0.0922,0.1319,0.7759,0.421,0.4337,0.0778,0.1816,0.202,0.2814,0.2847,"Plants People Planet","Plants People Planet","fp","OA","Non-profit"
"237","https://openalex.org/S4210232526",792,0.1036,0.0203,0.8762,0.6446,0.1244,0.1006,0.0482,0.1089,0.4454,0.2794,"Microbiology Resource Announcements","Microbiology Resource Announcements","np","OA","Society"
"238","https://openalex.org/S4210232600",69,0.1234,0.1026,0.774,0.4228,0.3018,0.117,0.1237,0.2042,0.3522,0.3004,"Ichthyology & Herpetology","Ichthyology & Herpetology","np","hybrid","Society"
"239","https://openalex.org/S4210233413",11,0.0458,0.0251,0.9291,0.1647,0.108,0.0972,0.0449,0.1399,0.2884,0.1945,"Journal of the National Museum (Prague) Natural History Series","Journal of the National Museum (Prague)  Natural History Series","np","diamond_OA","Museum"
"240","https://openalex.org/S4210234444",3,0.1795,0.1748,0.6457,0.5463,0.4537,0.0439,0.1373,0.1696,0.1425,0.1425,"Philosophy Theory and Practice in Biology","Philosophy Theory and Practice in Biology","np","diamond_OA","Uni/Gov"
"241","https://openalex.org/S4210238080",333,0.0335,0.0291,0.9374,0.3172,0.1963,0.0651,0.0842,0.1105,0.4263,0.3503,"Open Research Europe","Open Research Europe","fp","diamond_OA","Uni/Gov"
"242","https://openalex.org/S4210238309",68,0.1355,0.1276,0.737,0.5252,0.4601,0.0814,0.0967,0.1409,0.2266,0.2244,"The European Zoological Journal","European Zoological Journal","fp","OA","Society"
"243","https://openalex.org/S4210240111",14,0.0355,0.2557,0.7088,0.1191,0.8809,0.0397,0.1326,0.1309,0.1425,0.1425,"Plant Sociology","Plant Sociology","fp","OA","Society"
"244","https://openalex.org/S4210240746",205,0.1156,0.1939,0.6905,0.3252,0.5431,0.0924,0.1335,0.1798,0.2221,0.2796,"Conservation Science and Practice","Conservation Science and Practice","fp","OA","Society"
"245","https://openalex.org/S4210240812",135,0.1347,0.133,0.7323,0.4941,0.4837,0.0866,0.0792,0.1127,0.2183,0.2178,"ISME Communications","ISME Communications","fp","OA","Society"
"246","https://openalex.org/S4220651275",499,0.1005,0.014,0.8855,0.7542,0.0634,0.0858,0.0426,0.1035,0.3855,0.1495,"PNAS Nexus","PNAS nexus","np","OA","Society"
"247","https://openalex.org/S43476095",49,0.1718,0.1036,0.7246,0.5588,0.3392,0.1061,0.0635,0.1546,0.2319,0.1757,"Journal of Mammalian Evolution","Journal of Mammalian Evolution","fp","hybrid","Society"
"248","https://openalex.org/S43543914",42,0.1982,0.1592,0.6426,0.579,0.421,0.0959,0.1032,0.1429,0.2233,0.2233,"Sociobiology","Sociobiology","np","diamond_OA","Uni/Gov"
"249","https://openalex.org/S43867544",301,0.0654,0.1504,0.7842,0.2959,0.6244,0.0586,0.1175,0.1413,0.2326,0.2835,"Estuarine Coastal and Shelf Science","Estuarine Coastal and Shelf Science","fp","hybrid","Society"
"250","https://openalex.org/S4387278532",71,NA,NA,NA,0,0,NA,NA,NA,0,0,"Peer Community In Registered Reports","Peer Community In Registered Reports","np","diamond_OA","Non-profit"
"251","https://openalex.org/S4387281684",2,0.0973,0.0728,0.8299,0.6166,0.3833,0.0288,0.0634,0.0922,0.165,0.165,"Peer Community In Forest and Wood Sciences","Peer Community In Forest and Wood Sciences","np","diamond_OA","Non-profit"
"252","https://openalex.org/S4387284484",7,0.2413,0.1253,0.6334,0.6647,0.3353,0.1122,0.0892,0.1436,0.2277,0.2277,"Evolutionary Journal of the Linnean Society","Evolutionary Journal of the Linnean Society","np","OA","Society"
"253","https://openalex.org/S4387287674",10,0.0792,0.0659,0.8549,0.3721,0.2279,0.087,0.0884,0.172,0.3536,0.2468,"Peer Community In Microbiology","Peer Community In Microbiology","np","diamond_OA","Non-profit"
"254","https://openalex.org/S44571845",112,0.1763,0.203,0.6208,0.3984,0.4141,0.13,0.1862,0.2287,0.2728,0.2782,"Journal of Zoology","Journal of Zoology","fp","hybrid","Society"
"255","https://openalex.org/S45405298",21,0.2168,0.3063,0.4769,0.4042,0.5481,0.1043,0.1489,0.1581,0.1995,0.2168,"Acta Ornithologica","Acta Ornithologica","np","subscription","Museum"
"256","https://openalex.org/S45789726",33,0.1068,0.2262,0.667,0.2445,0.4221,0.0992,0.2335,0.2891,0.228,0.3362,"Population Ecology","Population Ecology","fp","hybrid","Society"
"257","https://openalex.org/S46238352",39,0.0346,0.0717,0.8937,0.3213,0.448,0.0431,0.1611,0.1649,0.3583,0.398,"Behavior Genetics","Behavior Genetics","fp","hybrid","Society"
"258","https://openalex.org/S46982553",143,0.0687,0.1015,0.8299,0.4208,0.4953,0.0618,0.1115,0.1333,0.3071,0.3172,"AMBIO","Ambio","fp","hybrid","Uni/Gov"
"259","https://openalex.org/S4747479",15,0.0485,0.1723,0.7792,0.3156,0.4844,0.0528,0.2672,0.2585,0.3962,0.4395,"Folia Primatologica","Folia Primatologica","fp","hybrid","Society"
"260","https://openalex.org/S48434751",14,0.1168,0.2521,0.6311,0.4165,0.5835,0.0807,0.2044,0.206,0.3875,0.3875,"African Invertebrates","African Invertebrates","fp","OA","Museum"
"261","https://openalex.org/S49305988",23,0.2131,0.1541,0.6327,0.4961,0.3735,0.1438,0.103,0.1972,0.2811,0.2496,"ORNITHOLOGICAL SCIENCE","Ornithological Science","np","subscription","Society"
"262","https://openalex.org/S4950362",20,0.252,0.1029,0.6451,0.7128,0.2372,0.1154,0.1022,0.1743,0.2561,0.2014,"Current Herpetology","Current Herpetology","np","subscription","Society"
"263","https://openalex.org/S55229178",348,0.0513,0.0292,0.9195,0.6095,0.3129,0.065,0.0371,0.0775,0.343,0.3075,"World Journal of Microbiology and Biotechnology","Journal of Microbiology and Biotechnology","np","OA","Society"
"264","https://openalex.org/S55973255",25,0.0526,0.1693,0.7781,0.1968,0.6432,0.0609,0.1356,0.1557,0.2218,0.3516,"Grana","Grana","fp","hybrid","Society"
"265","https://openalex.org/S56397279",75,0.1402,0.1501,0.7097,0.4324,0.3942,0.1047,0.1588,0.2056,0.2748,0.2623,"Journal of Systematics and Evolution","Journal of Systematics and Evolution","fp","hybrid","Uni/Gov"
"266","https://openalex.org/S56956558",65,0.0957,0.2019,0.7024,0.2404,0.5442,0.1149,0.1728,0.2231,0.2288,0.3447,"Ecological Research","Ecological Research","fp","hybrid","Society"
"267","https://openalex.org/S56987637",90,0.0708,0.1054,0.8239,0.3183,0.4705,0.0627,0.0939,0.1344,0.2593,0.3158,"Environmental Microbiology Reports","Environmental Microbiology Reports","fp","hybrid","Society"
"268","https://openalex.org/S57397647",18,0.2059,0.1813,0.6128,0.5572,0.4428,0.0875,0.1267,0.1496,0.1853,0.1853,"Australian Systematic Botany","Australian Systematic Botany","np","hybrid","Uni/Gov"
"269","https://openalex.org/S58136343",67,0.2045,0.161,0.6345,0.5661,0.3742,0.1168,0.1179,0.1978,0.2663,0.2435,"Current Zoology","Current Zoology","np","diamond_OA","Society"
"270","https://openalex.org/S58631098",821,0.1255,0.1847,0.6898,0.4329,0.5062,0.0823,0.1762,0.1886,0.2456,0.2546,"New Phytologist","New Phytologist","fp","hybrid","Non-profit"
"271","https://openalex.org/S5885750",12,0.1432,0.1912,0.6656,0.3955,0.5212,0.0813,0.112,0.1557,0.2117,0.2372,"African Zoology","African Zoology","fp","hybrid","Society"
"272","https://openalex.org/S59381273",29,0.1422,0.1307,0.7271,0.4338,0.3593,0.1245,0.1284,0.1969,0.312,0.2854,"Invasive Plant Science and Management","Invasive Plant Science and Management","np","hybrid","Society"
"273","https://openalex.org/S6139184",81,0.0974,0.1603,0.7423,0.4075,0.4444,0.0793,0.2148,0.2312,0.2884,0.2978,"Journal of Plant Research","Journal of Plant Research","fp","hybrid","Society"
"274","https://openalex.org/S62820861",32,0.2538,0.2254,0.5209,0.4802,0.5198,0.2245,0.1436,0.2216,0.2179,0.2179,"Journal of Bryology","Journal of Bryology","fp","hybrid","Society"
"275","https://openalex.org/S64025128",22,0.0526,0.1417,0.8056,0.2761,0.2694,0.0905,0.2936,0.2931,0.4056,0.4016,"Bee World","Bee World","fp","hybrid","Non-profit"
"276","https://openalex.org/S6403244",26,0.1501,0.1975,0.6524,0.4321,0.5294,0.0779,0.1265,0.169,0.2153,0.2241,"Plant Ecology and Evolution","Plant Ecology and Evolution","np","diamond_OA","Society"
"277","https://openalex.org/S65166364",141,0.1916,0.0516,0.7569,0.6707,0.1662,0.195,0.0903,0.2146,0.3658,0.2256,"International Journal of Wildland Fire","International Journal of Wildland Fire","np","hybrid","Non-profit"
"278","https://openalex.org/S65478581",76,0.3136,0.0745,0.6119,0.7897,0.1709,0.1301,0.0741,0.1645,0.2063,0.1334,"Systematic Biology","Systematic Biology","np","hybrid","Society"
"279","https://openalex.org/S66388299",331,0.0793,0.0691,0.8516,0.4821,0.3699,0.0907,0.1324,0.1578,0.3581,0.334,"Animal","Animal","fp","OA","Society"
"280","https://openalex.org/S67795522",50,0.2347,0.1891,0.5763,0.5543,0.4057,0.0919,0.1181,0.1515,0.2084,0.1933,"Journal of Herpetology","Journal of Herpetology","np","hybrid","Society"
"281","https://openalex.org/S67862205",542,0.1025,0.0926,0.8049,0.4856,0.4074,0.0652,0.0936,0.1224,0.2472,0.2296,"The Plant Journal","Plant Journal","fp","hybrid","Society"
"282","https://openalex.org/S6919857",260,0.1037,0.1202,0.7761,0.3958,0.4157,0.0952,0.1264,0.1654,0.2726,0.2794,"Environmental Microbiology","Environmental Microbiology","fp","hybrid","Society"
"283","https://openalex.org/S72684844",1758,0.046,0.0061,0.9479,0.2003,0.0386,0.1156,0.0191,0.1233,0.3733,0.1272,"Journal of Animal Science","Journal of Animal Science","np","hybrid","Society"
"284","https://openalex.org/S72902805",192,0.1103,0.2851,0.6046,0.2273,0.5435,0.0943,0.2156,0.2554,0.1994,0.3356,"Journal of Wildlife Management","Journal of Wildlife Management","fp","hybrid","Society"
"285","https://openalex.org/S73111969",61,0.0697,0.1003,0.83,0.3202,0.4175,0.0656,0.0926,0.139,0.2913,0.3328,"Journal of Eukaryotic Microbiology","Journal of Eukaryotic Microbiology","fp","hybrid","Society"
"286","https://openalex.org/S733369",72,0.1378,0.2402,0.622,0.3165,0.5446,0.0866,0.133,0.1842,0.186,0.2583,"Basic and Applied Ecology","Basic and Applied Ecology","fp","OA","Society"
"287","https://openalex.org/S77453907",87,0.1319,0.1644,0.7037,0.4902,0.4983,0.0783,0.1235,0.1678,0.2219,0.2221,"AoB Plants","AOB Plants","np","OA","Non-profit"
"288","https://openalex.org/S78843499",15,0.056,0.2064,0.7376,0.3548,0.6452,0.0597,0.2718,0.2626,0.3139,0.3139,"Coastal Management","Coastal Management","fp","hybrid","Society"
"289","https://openalex.org/S79449806",57,0.2259,0.2344,0.5397,0.4465,0.4483,0.1205,0.1356,0.2045,0.2192,0.2197,"Journal of Avian Biology","Journal of Avian Biology","fp","OA","Society"
"290","https://openalex.org/S79992667",43,0.1766,0.0519,0.7715,0.5681,0.176,0.17,0.0617,0.1966,0.3938,0.2288,"Annals of the Entomological Society of America","Annals of the Entomological Society of America","np","hybrid","Society"
"291","https://openalex.org/S80033963",114,0.1143,0.01,0.8757,0.7747,0.0586,0.1122,0.0214,0.1181,0.3653,0.1141,"Open Biology","Open Biology","np","OA","Society"
"292","https://openalex.org/S80967739",222,0.1769,0.2685,0.5546,0.3549,0.501,0.1179,0.1906,0.2337,0.227,0.2696,"Ecology Letters","Ecology Letters","fp","hybrid","Uni/Gov"
"293","https://openalex.org/S82098733",245,0.1253,0.2649,0.6098,0.2981,0.5998,0.0843,0.1571,0.1904,0.1858,0.2558,"Journal of Applied Ecology","Journal of Applied Ecology","fp","hybrid","Society"
"294","https://openalex.org/S82630499",19,0.1534,0.157,0.6896,0.488,0.4594,0.1004,0.1285,0.1609,0.2901,0.2873,"Journal of Orthoptera Research","Journal of Orthoptera Research","fp","OA","Society"
"295","https://openalex.org/S86137544",121,0.1605,0.1633,0.6762,0.5163,0.401,0.1068,0.1603,0.2078,0.2786,0.2608,"Biological reviews/Biological reviews of the Cambridge Philosophical Society","Biological Reviews","fp","hybrid","Society"
"296","https://openalex.org/S86308941",30,0.0614,0.017,0.9216,0.3473,0.1194,0.0893,0.0361,0.1065,0.4232,0.2309,"Comparative Parasitology","Comparative Parasitology","np","subscription","Society"
"297","https://openalex.org/S87560609",236,0.2527,0.1147,0.6327,0.626,0.2765,0.1469,0.0942,0.1905,0.2781,0.2077,"Evolution","Evolution","np","hybrid","Society"
"298","https://openalex.org/S87561820",6614,0.0139,0.0579,0.9283,0.1665,0.6538,0.0287,0.0682,0.0763,0.2799,0.4074,"Environmental Science and Pollution Research","Environmental Science and Pollution Research","fp","hybrid","Society"
"299","https://openalex.org/S8802318",153,0.0545,0.0327,0.9129,0.4625,0.2499,0.0688,0.0618,0.0897,0.4345,0.3568,"Annals of the New York Academy of Sciences","Annals of the New York Academy of Sciences","fp","hybrid","Society"
"300","https://openalex.org/S88168125",28,0.242,0.0613,0.6967,0.6449,0.1408,0.2342,0.1302,0.2515,0.4287,0.2679,"Revue suisse de zoologie","Revue Suisse de Zoologie","np","OA","Society"
"301","https://openalex.org/S90511721",47,0.1511,0.1484,0.7005,0.3862,0.3585,0.1155,0.1331,0.2079,0.2839,0.2709,"Cladistics","Cladistics","fp","hybrid","Society"
"302","https://openalex.org/S90680744",104,0.1483,0.1707,0.681,0.4338,0.4508,0.1389,0.1659,0.2239,0.2829,0.2863,"Integrative Zoology","Integrative Zoology","fp","hybrid","Society"
"303","https://openalex.org/S91660768",442,0.1826,0.0739,0.7435,0.7254,0.1863,0.1453,0.1046,0.2049,0.3057,0.2139,"Philosophical Transactions of the Royal Society B Biological Sciences","Philosophical Transactions of the Royal Society B","np","hybrid","Society"
"304","https://openalex.org/S92562763",120,0.2269,0.1029,0.6701,0.6386,0.2781,0.1437,0.1015,0.1756,0.3062,0.2519,"Environmental Entomology","Environmental Entomology","np","hybrid","Society"
"305","https://openalex.org/S92576693",26,0.2597,0.0964,0.6439,0.7051,0.2564,0.1854,0.0825,0.2084,0.2052,0.1554,"Annual Review of Entomology","Annual Review of Entomology","np","diamond_OA","Non-profit"
"306","https://openalex.org/S9336330",125,0.0248,0.0712,0.904,0.2672,0.5168,0.0364,0.1097,0.1145,0.3663,0.4342,"Annals of Anatomy - Anatomischer Anzeiger","Annals of Anatomy - Anatomischer Anzeiger","fp","hybrid","Society"
"307","https://openalex.org/S9351502",358,0.1032,0.1516,0.7452,0.4083,0.5051,0.0869,0.1501,0.1764,0.2789,0.2936,"Journal of Fish Biology","Journal of Fish Biology","fp","hybrid","other"
"308","https://openalex.org/S96743589",282,0.1316,0.2392,0.6292,0.3427,0.6076,0.0766,0.1145,0.1447,0.1821,0.2153,"Marine Ecology Progress Series","Marine Ecology Progress Series","fp","hybrid","Uni/Gov"
"309","https://openalex.org/S98137347",191,0.1288,0.1926,0.6787,0.3468,0.5066,0.0941,0.1342,0.1782,0.2355,0.2811,"Conservation Biology","Conservation Biology","fp","hybrid","Society"
"310","https://openalex.org/S98424699",176,0.2395,0.1292,0.6314,0.6409,0.3364,0.1143,0.0841,0.1483,0.1911,0.1719,"Biological Journal of the Linnean Society","Biological Journal of the Linnean Society","np","hybrid","Society"
"311","https://openalex.org/S98723585",416,0.1291,0.2425,0.6284,0.325,0.5861,0.0841,0.1404,0.1888,0.1772,0.2339,"Ecosphere","Ecosphere","fp","OA","Society"
"312","https://openalex.org/S9877893",52,0.0768,0.1138,0.8095,0.1826,0.2789,0.1523,0.1665,0.2459,0.2551,0.3434,"Natural Areas Journal","Natural Areas Journal","np","hybrid","Non-profit"
"313","https://openalex.org/S98916874",28,0.0415,0.1616,0.7969,0.1797,0.7132,0.0553,0.1678,0.2056,0.1994,0.3147,"African Journal of Range and Forage Science","African Journal of Range & Forage Science","fp","hybrid","Society"
"314","https://openalex.org/S99248529",50,0.1518,0.1653,0.6829,0.3359,0.4641,0.221,0.1562,0.235,0.3785,0.4115,"Bulletin of Marine Science","Bulletin of Marine Science","np","hybrid","Uni/Gov"
